TEAM,CONF,G,ADJOE,ADJDE,BARTHAG,EFG_O,EFG_D,TOR,TORD,ORB,DRB,FTR,FTRD,2P_O,2P_D,3P_O,3P_D,ADJ_T,WAB
Houston   (H) 148 Hofstra,B12,3,118.37,89.61,.96061,55.756,44.146,14.456,27.82,41.19,23.734,29.0269,31.9145,48.9224,49.4145,48.21,25.422,65.5354,-0.1384
Duke   (A) 12 Arizona,ACC,4,118.66,89.93,.95992,56.944,39.04,13.433,20.192,36.653,23.940,24.7317,22.427,58.060,39.312,37.271,25.724,69.8151,-0.1586
Gonzaga,WCC,5,122.21,94.714,.94953,57.042,42.628,11.22,20.776,37.639,23.734,35.6147,27.981,58.547,48.0117,36.390,22.56,70.4106,+1.52
Auburn,SEC,4,119.63,93.46,.94494,64.02,39.89,14.148,17.4187,32.8112,28.3137,29.4263,24.543,70.61,39.111,37.666,27.852,70.5103,+1.17
Tennessee   vs. 11 Baylor,SEC,5,114.827,90.04,.94235,60.610,40.817,18.5208,21.562,40.613,26.690,35.3154,27.068,60.823,39.914,40.228,27.956,69.1196,+1.26
Kansas,B12,5,118.84,93.68,.93926,57.337,44.248,12.820,17.5184,26.1268,25.056,25.9305,33.2169,60.229,46.183,34.3137,27.341,71.176,+1.34
Iowa St.,B12,3,113.936,89.92,.93797,54.686,40.817,13.330,28.01,34.380,20.48,39.3104,21.018,59.832,43.045,31.0227,25.422,69.3189,+0.1063
Alabama,SEC,5,119.72,95.424,.93128,56.249,45.876,13.944,13.6322,30.8167,26.795,42.464,33.3172,64.94,45.678,30.8233,30.6122,73.68,+0.99
North Carolina   (A) 187 Hawaii,ACC,3,117.79,95.322,.91889,53.2112,48.0118,11.53,14.6296,34.283,24.247,39.798,21.219,53.5130,47.9115,35.1116,32.1161,73.115,-0.0478
Kentucky   (H) 330 Jackson St.,SEC,4,116.911,95.018,.916110,59.118,43.036,13.742,13.0338,32.9110,23.226,29.7258,16.83,56.672,48.8129,41.815,23.09,72.530,+1.18
Baylor   vs. 5 Tennessee,B12,5,118.65,96.740,.912611,55.364,56.2312,16.8135,22.841,38.231,28.1131,32.1215,27.068,52.8145,53.5222,39.138,40.2341,68.2263,+1.25
Arizona   (H) 2 Duke,B12,3,114.826,93.99,.909712,50.2178,48.1120,13.639,20.682,50.01,15.22,44.247,48.1331,54.999,45.171,27.4303,34.8242,74.15,-0.29102
Connecticut,BE,4,114.135,93.57,.908513,61.38,36.42,17.7165,22.447,41.77,22.320,29.6260,31.3132,68.73,34.41,35.3112,27.341,67.2316,+0.0966
Texas A&M,SEC,5,115.616,94.917,.906614,50.8170,42.831,17.4156,19.8105,46.33,27.9125,45.339,35.8207,51.3173,42.943,33.3154,28.571,67.3310,+0.1557
St. John's   vs. 73 Virginia,BE,5,115.024,94.412,.906515,57.830,45.365,19.1235,19.999,35.763,29.8184,38.5114,28.385,57.663,40.421,38.746,35.5260,70.4105,+0.2148
Creighton   (H) 52 Nebraska,BE,4,116.014,95.727,.901316,59.615,39.78,18.1183,13.7321,32.0135,26.281,34.3176,10.71,70.32,37.45,31.5214,28.364,69.2192,+0.2050
Texas   vs. 83 Saint Joseph's,SEC,5,115.419,95.323,.900317,57.634,44.553,12.19,19.999,31.8143,22.521,39.2105,28.688,58.744,41.328,36.880,32.8177,68.8222,-0.0477
Marquette,BE,5,113.738,94.011,.899518,52.6125,47.6108,11.98,24.715,27.4240,28.2134,34.7168,30.2113,58.941,48.8129,30.7236,30.6122,70.697,+1.51
Texas Tech   vs. 97 Syracuse,B12,5,117.310,97.147,.898519,62.84,48.3128,17.3152,23.624,40.910,26.690,26.5298,34.1183,63.69,42.436,41.023,40.7346,67.8288,-0.47134
Purdue,B10,5,116.712,96.945,.894520,59.019,49.0149,16.6126,13.4327,25.5282,27.5116,42.860,22.427,54.8101,52.1197,43.89,29.596,67.9284,+0.721
Cincinnati,B12,4,115.321,95.730,.894321,64.61,39.04,13.124,19.8105,37.444,32.1248,23.6333,19.210,63.113,38.99,44.96,26.229,67.9287,+0.3340
UCLA   (H) 259 Cal St. Fullerton,B10,5,113.142,94.413,.888622,53.798,43.743,18.8220,25.95,38.626,26.9100,39.6100,28.182,57.168,43.552,31.7208,29.386,66.2344,-0.36110
Ohio St.   (H) 300 Campbell,B10,4,114.234,95.525,.886623,54.878,34.01,18.2193,16.0244,31.2159,28.1131,32.8204,40.2274,52.3158,35.02,38.649,21.64,68.7226,+0.528
Mississippi St.   (A) 58 SMU,SEC,4,115.618,96.843,.884824,55.560,44.248,12.312,23.624,32.7116,30.3199,32.0216,32.5156,59.437,43.855,33.3154,30.0103,70.2125,+0.626
Illinois,B10,4,113.241,95.120,.880925,54.588,44.450,16.3114,13.9311,37.639,23.528,45.536,24.543,55.981,47.1101,35.6108,26.330,72.628,-0.1385
Michigan,B10,5,115.420,97.148,.879726,61.56,42.933,23.2343,23.526,40.017,31.0219,34.8165,23.637,64.16,42.334,38.942,29.494,69.8153,-0.0880
BYU,B12,4,115.617,97.556,.876627,59.814,49.3158,13.536,22.249,40.315,16.73,27.7285,25.455,64.65,43.045,36.294,37.3298,70.795,+0.1953
Indiana,B10,4,114.430,96.635,.875528,57.240,41.120,18.6212,19.3123,31.3157,30.3199,33.9189,23.637,58.842,41.531,35.7102,27.140,70.792,+0.4633
Pittsburgh   vs. 62 LSU,ACC,5,114.331,96.636,.874329,59.019,40.614,12.716,18.9137,29.9184,23.734,35.6147,29.295,61.521,40.421,37.075,27.341,69.1197,+0.527
Rutgers,B10,4,113.044,95.726,.871830,56.150,45.365,13.639,14.3306,29.5194,26.588,45.339,17.15,56.576,42.639,36.880,33.3190,69.4183,+0.2345
Florida   (H) 122 Southern Illinois,SEC,5,115.815,98.160,.870531,54.878,45.161,16.1105,20.873,41.68,30.2196,40.684,26.664,63.510,43.149,28.9278,32.7175,71.273,+0.811
Maryland,B10,5,110.670,94.010,.867032,54.393,40.817,12.312,25.29,33.991,20.37,32.8204,30.9124,59.734,40.421,30.4243,27.547,69.7161,-0.42126
Michigan St.,B10,5,111.756,95.119,.864833,50.0185,45.775,16.0101,19.8105,37.047,26.281,41.274,27.880,58.547,46.791,22.1357,29.596,68.9212,+0.0270
Memphis,Amer,4,113.440,96.844,.859834,55.463,45.673,20.0267,18.9137,29.5194,29.4164,47.326,36.9226,48.6229,44.461,45.93,31.5146,72.824,+1.43
Nevada   vs. 41 VCU,MWC,5,111.855,95.729,.855935,60.013,43.339,16.3114,18.1167,31.7147,30.2196,47.924,37.0232,54.6106,43.855,47.12,28.364,66.9327,+0.0868
Arkansas   (H) 205 Little Rock,SEC,4,111.559,95.731,.852036,55.560,47.4102,18.3199,24.020,24.8299,25.568,27.5288,19.912,58.252,50.0162,33.7148,29.596,70.4108,-0.0073
Saint Mary's,WCC,5,114.529,98.365,.851937,53.6103,49.8171,14.768,15.5266,45.44,27.7119,43.948,31.6139,54.1119,45.879,35.0121,38.5314,65.4356,+0.812
Miami FL   vs. 91 Oklahoma St.,ACC,4,117.88,101.2105,.850938,63.03,49.5161,12.19,15.1277,29.5194,23.631,34.5171,40.0271,63.312,52.9211,41.717,29.386,69.1198,-0.7158
Oregon,B10,5,113.143,97.351,.849739,53.2112,45.057,14.352,18.2159,33.1106,26.9100,32.7207,25.352,56.576,46.485,31.9203,28.776,69.3188,+0.817
Mississippi,SEC,5,116.113,99.989,.849140,51.8147,49.2155,11.87,25.47,31.6150,24.247,36.1137,32.4153,50.3193,47.6108,35.9100,34.2218,68.8217,+0.5029
VCU   vs. 35 Nevada,A10,5,110.075,94.815,.846241,51.9145,40.011,19.9263,25.29,30.3173,28.6144,39.5101,40.9281,56.672,39.010,31.5214,28.468,69.8152,-0.36111
Georgia,SEC,5,111.853,96.637,.842842,54.975,45.057,18.1183,16.7220,45.44,23.124,53.615,22.427,60.131,47.098,30.9229,28.163,70.2126,+0.623
Wisconsin   vs. 68 UCF,B10,5,115.123,99.681,.841043,56.446,49.8171,13.330,19.2128,28.4216,28.7149,46.032,27.068,54.7104,48.2120,39.138,34.6235,68.1275,+0.813
Iowa   vs. 55 Utah St.,B10,5,114.728,99.577,.838144,57.337,48.7140,15.380,23.135,28.8210,29.5170,28.6275,19.09,56.672,56.1278,38.844,24.415,72.822,+0.625
Clemson,ACC,5,112.349,97.453,.836345,55.756,46.281,16.1105,21.167,35.367,29.4164,34.1183,34.3189,53.6128,45.171,39.236,31.9158,68.2266,-0.2193
Kansas St.   vs. 131 George Washington,B12,4,111.951,97.249,.834846,50.0185,47.8113,16.6126,24.020,38.722,37.0322,35.0161,21.219,51.4171,42.741,32.0200,38.3311,68.5241,-0.6154
Boise St.,MWC,4,112.548,98.158,.828747,51.7148,42.933,12.716,14.2310,33.792,29.7180,41.274,25.455,53.8122,47.098,31.7208,24.314,68.4253,-0.0072
Northwestern   (H) 245 Pepperdine,B10,5,110.964,96.739,.828148,52.4133,48.9148,16.9140,21.167,36.355,25.772,35.3154,31.5136,53.5130,50.0162,33.3154,31.4142,65.7350,-0.1788
TCU,B12,5,109.289,95.321,.828049,53.798,45.057,15.484,23.232,34.776,26.795,34.2180,32.0147,54.3113,46.894,35.0121,28.364,70.4109,-0.0981
New Mexico,MWC,5,109.583,95.728,.824550,51.7148,49.0149,18.6212,25.013,31.2159,34.3287,43.751,36.2213,52.4153,49.7157,33.6151,31.9158,76.21,+0.624
Penn St.,B10,5,112.150,98.159,.822451,60.311,46.383,14.768,25.38,36.061,29.5170,43.948,30.8123,60.627,42.943,39.833,34.2218,72.916,+0.4534
Nebraska   (A) 16 Creighton,B10,4,109.976,96.434,.818852,47.8233,47.5105,18.8220,23.723,36.752,29.2159,52.216,21.522,53.6128,42.639,25.6327,35.4256,70.3117,-0.32107
Dayton,A10,5,109.879,96.946,.806853,54.781,44.855,13.330,19.6110,29.6191,21.314,43.155,28.182,61.916,43.451,30.3245,31.6151,66.9328,+0.4931
N.C. State   (H) 193 William & Mary,ACC,4,111.161,98.161,.806354,55.170,43.845,15.893,23.232,32.3125,32.0246,43.057,29.295,61.222,49.3141,27.1306,22.25,70.2127,+0.1458
Utah St.   vs. 44 Iowa,MWC,4,112.646,99.578,.805055,60.212,50.0177,13.124,25.76,47.12,32.4257,41.373,31.4135,61.819,49.0135,38.451,34.3221,71.083,+0.2247
Missouri   (H) 301 Pacific,SEC,4,115.122,101.7115,.805056,59.019,48.1120,15.893,25.111,34.973,30.8212,55.210,31.0127,61.916,43.754,36.880,37.8305,68.7229,-0.2194
Xavier,BE,5,112.647,99.579,.804757,57.240,47.7111,13.944,20.287,27.9225,23.631,35.5150,28.789,51.5166,41.732,43.410,38.5314,69.8156,+0.4236
SMU   (H) 24 Mississippi St.,ACC,5,113.837,100.799,.803158,54.781,43.743,16.0101,21.659,40.712,29.5170,38.7112,39.7262,52.8145,40.724,38.942,32.2162,72.040,-0.37114
Louisville   (H) 188 Winthrop,ACC,3,113.639,100.696,.801759,51.0164,48.7140,13.536,26.54,31.6150,27.2109,33.3193,34.8193,58.842,47.3103,30.0250,33.8208,72.823,-0.30104
Wake Forest,ACC,6,110.372,97.857,.799960,51.5155,46.889,18.9225,23.135,29.2203,30.1191,38.6113,23.637,57.861,44.461,29.2267,32.9180,70.0142,+0.3041
South Carolina,SEC,5,111.558,98.972,.799461,52.6125,47.093,16.9140,16.0244,33.597,30.3199,45.536,36.2213,55.394,44.968,32.5179,33.6202,68.6240,-1.0196
LSU   vs. 29 Pittsburgh,SEC,4,109.681,97.250,.798562,55.756,39.67,19.2238,16.0244,34.186,29.6177,41.472,32.1150,61.916,43.958,31.2222,19.71,70.1133,+0.816
Oklahoma,SEC,4,110.866,98.363,.798463,56.051,46.889,14.971,24.914,34.477,23.734,28.3278,23.435,58.646,54.5240,35.1116,24.719,69.3190,+0.0769
Notre Dame   (H) 231 Elon,ACC,4,110.867,98.364,.797364,58.922,42.527,15.587,14.8292,30.3173,26.383,30.1249,20.414,62.614,38.28,34.6133,31.5146,67.8293,+0.4832
Utah   (H) 321 Utah Tech,B12,4,109.682,97.352,.796665,60.79,40.513,16.8135,16.4229,35.466,27.9125,31.6232,33.6174,58.252,40.116,41.815,27.445,71.464,-0.33109
San Francisco,WCC,5,108.893,96.842,.793666,53.798,41.621,19.2238,23.135,33.792,27.0105,37.2128,31.2131,58.252,40.116,31.7208,29.285,69.7164,-0.0376
USC,B10,5,114.332,101.7113,.793167,55.953,52.4225,13.433,20.776,25.7278,29.0154,30.7242,34.2188,59.536,48.4122,33.0168,38.6319,70.0144,-0.5143
UCF   vs. 43 Wisconsin,B12,4,111.062,98.871,.792768,50.2178,48.4130,18.5208,16.8211,38.626,28.5142,42.365,28.991,50.7189,46.688,33.0168,33.6202,70.3120,+0.910
Villanova,BE,6,111.854,99.887,.786669,55.756,51.4203,18.6212,17.3191,40.116,23.528,26.3302,33.0165,52.7149,46.996,39.932,37.9308,67.9283,-1.9278
Arizona St.,B12,6,110.768,99.074,.783770,55.953,48.6137,18.6212,14.6296,27.7232,26.080,41.274,25.050,54.8101,51.4188,38.156,30.1105,71.081,+0.720
West Virginia,B12,4,109.877,98.262,.782871,54.781,41.822,17.2147,21.463,25.5282,33.1270,31.9220,29.8105,54.2116,40.319,36.880,29.7100,69.9147,-0.0879
Vanderbilt   vs. 86 Seton Hall,SEC,5,115.025,103.2140,.776772,54.196,51.4203,11.01,20.192,32.0135,23.940,37.9125,32.4153,61.620,47.7112,29.2267,39.4330,71.271,+0.814
Virginia   vs. 15 St. John's,ACC,4,106.7126,96.032,.772273,52.9116,42.324,21.6316,15.9251,20.9344,27.5116,26.0304,20.816,45.8280,38.07,41.222,31.4142,63.6363,+0.2246
McNeese St.   vs. 171 Illinois St.,Slnd,4,112.645,101.3107,.771674,46.0268,50.0177,18.1183,22.545,27.8228,36.2313,47.227,38.2247,50.0196,48.6123,26.9310,34.1215,68.7232,-0.8169
North Texas,Amer,5,106.7129,96.233,.766275,45.1287,47.196,17.8170,21.069,39.318,27.4113,38.4118,56.5355,40.6335,52.8208,34.9125,27.341,64.9361,+0.0967
Providence,BE,5,106.8123,96.738,.759876,53.5105,38.63,20.7286,16.1239,38.722,21.112,35.4152,33.5173,60.823,39.613,31.5214,24.415,66.9325,+0.1656
Washington St.,WCC,6,110.865,100.394,.757577,57.042,48.8145,20.6282,16.1239,37.837,26.690,36.4136,34.7191,59.437,50.2173,36.196,31.1134,71.848,-0.0274
Grand Canyon   (H) 232 Norfolk St.,WAC,4,110.373,100.092,.755778,47.5240,55.6294,20.7286,22.054,35.270,25.466,48.123,36.9226,51.0180,51.4188,27.8296,42.3355,70.986,-1.2217
Washington   (H) 347 Alcorn St.,B10,4,107.4114,97.455,.754379,41.9338,42.425,18.8220,18.3152,37.738,30.8212,40.387,43.5305,44.6295,46.081,23.1349,22.68,70.985,-0.1083
San Diego St.,MWC,3,104.5163,94.816,.753180,47.7235,43.642,18.5208,11.8355,23.1323,27.3110,29.7258,37.3235,45.3284,40.319,34.0143,32.6172,67.8294,-0.2295
UC Irvine   (A) 195 Weber St.,BW,4,106.3135,96.841,.747581,52.5129,42.425,17.8170,13.9311,27.4240,13.71,24.0328,18.06,51.3173,40.926,36.786,30.2109,70.1136,+0.719
George Mason,A10,6,108.1106,98.568,.744582,52.6125,40.212,21.2310,18.2159,37.639,35.0298,51.217,35.4203,56.378,40.116,31.3219,26.938,67.8290,-1.8269
Saint Joseph's   vs. 17 Texas,A10,5,108.798,99.175,.743683,52.7123,48.2126,17.7165,18.2159,27.9225,32.1248,40.387,22.427,51.3173,49.8161,36.294,30.4117,70.794,+0.1260
Stanford,ACC,5,110.669,101.0103,.739784,52.2138,47.8113,12.716,21.266,39.021,22.219,40.982,36.7224,53.8122,50.0162,33.6151,28.981,67.6300,+0.2742
UNLV,MWC,4,111.063,101.4108,.738085,55.364,52.5227,15.175,21.659,28.0223,27.7119,43.453,33.6174,53.2138,50.7179,39.138,36.9293,67.4304,-0.47132
Seton Hall   vs. 72 Vanderbilt,BE,5,100.8242,92.25,.737886,45.3282,40.716,23.1340,24.117,31.9142,24.652,42.958,30.9124,38.8348,41.328,40.030,26.735,65.7352,-1.1204
Minnesota,B10,5,107.5111,98.467,.735287,46.9251,44.146,16.6126,22.151,31.8143,31.2224,42.067,25.352,48.8226,41.933,28.9278,31.9158,65.0360,-0.42127
Butler   (H) 214 Merrimack,BE,4,109.780,100.697,.729988,55.170,41.923,21.6316,13.5323,33.0108,35.8309,45.933,22.126,49.6209,42.741,41.320,26.837,69.0204,-0.6147
Bradley   vs. 173 Wright St.,MVC,5,108.5100,99.786,.724789,61.56,45.161,20.7286,16.4229,27.5236,26.795,41.968,36.1211,58.350,48.6123,43.98,26.127,68.4248,-0.2298
Florida Atlantic   vs. 106 Drake,Amer,6,110.074,101.2104,.723790,59.317,51.3202,17.7165,18.4149,21.8334,28.2134,44.645,34.1183,55.588,48.1119,43.112,36.8292,72.626,-0.30106
Oklahoma St.   vs. 38 Miami FL,B12,4,108.1107,99.580,.719891,47.6239,56.0308,14.663,23.428,34.380,20.99,39.0110,38.1246,46.3274,51.9193,33.3154,39.8336,73.311,-0.38117
Wichita St.   vs. 111 Saint Louis,Amer,4,109.484,100.9101,.717592,50.6173,48.8145,13.433,16.1239,28.6213,26.9100,49.019,29.8105,51.8163,51.0184,31.9203,30.5121,70.696,+0.718
High Point,BSth,5,114.333,105.4188,.716993,58.526,46.687,16.2109,18.3152,30.7169,30.2196,42.662,31.9145,57.564,45.171,40.030,33.0183,68.1273,+0.3538
UAB   vs. 178 Longwood,Amer,5,111.852,103.2141,.715394,47.9231,49.6165,14.971,17.0203,38.133,27.3110,31.8224,29.9107,50.0196,47.6108,28.2293,35.1245,70.0141,-1.3221
Florida St.   vs. 123 Temple,ACC,5,105.5146,97.454,.714895,48.0230,49.0149,17.0144,27.23,29.1205,28.2134,45.734,41.1287,52.4153,51.4188,26.9310,30.8129,72.725,-0.2296
Louisiana Tech,CUSA,4,108.2103,100.495,.704596,58.029,44.855,15.380,16.1239,37.543,39.5342,31.9220,28.487,58.252,47.2102,38.550,26.735,68.2265,+0.4930
Syracuse   vs. 19 Texas Tech,ACC,4,110.571,102.5129,.703997,50.0185,52.0217,13.124,13.8316,31.7147,17.94,34.9164,31.1129,56.080,54.9254,25.0330,31.6151,71.557,-0.2192
Colorado St.   (H) 186 UC Riverside,MWC,4,106.4134,98.870,.700998,54.781,49.8171,16.7132,21.955,24.4304,27.9125,34.5171,34.3189,62.015,47.7112,29.5260,35.8269,68.0280,-0.37115
Western Kentucky,CUSA,5,105.9139,98.466,.700599,48.1228,45.365,18.2193,18.8141,27.2244,23.124,28.0284,35.9208,46.9261,47.6108,33.3154,28.059,74.92,-1.1207
Arkansas St.   (H) 0 Lane,SB,4,109.288,101.5109,.7003100,46.2262,42.933,16.2109,19.999,32.2131,33.7276,38.5114,39.5260,49.6209,46.284,28.3288,25.020,70.1129,+0.1359
Georgia Tech,ACC,4,109.485,102.0120,.6894101,49.8192,47.196,16.0101,13.4327,31.6150,24.551,31.7229,39.2258,51.0180,47.5105,32.2194,30.8129,71.462,-1.5245
DePaul,BE,5,111.160,103.8151,.6874102,59.516,43.237,19.4249,19.1131,36.256,28.5142,38.8111,30.0109,60.725,43.855,39.041,27.852,68.9211,+0.2543
Santa Clara,WCC,5,109.878,102.6135,.6848103,51.1162,53.8259,14.768,19.0133,33.2104,28.9152,26.5298,36.6222,55.296,53.3217,30.6238,36.2282,69.6170,-1.5247
Yale,Ivy,6,107.9109,100.9102,.6832104,54.781,49.0149,17.6160,15.0279,34.973,26.690,33.0202,39.9268,51.5166,47.098,40.426,34.4224,67.8291,-1.3225
Loyola Chicago,A10,5,106.9117,100.193,.6825105,50.0185,45.571,14.559,18.1167,34.477,29.3161,39.4102,37.9243,53.8122,43.653,29.7257,32.6172,70.1128,+0.4335
Drake   vs. 90 Florida Atlantic,MVC,4,105.9141,99.276,.6791106,53.5105,50.0177,21.0305,23.232,38.231,29.8184,54.211,36.6222,57.365,50.0162,32.3192,33.3190,67.7298,+0.722
Liberty   vs. 200 Louisiana,CUSA,5,106.3136,99.785,.6755107,57.337,46.179,17.7165,17.7179,21.6338,23.528,30.9239,32.3152,59.040,46.587,36.786,30.2109,65.5355,+0.1162
Colorado,B12,4,104.9156,98.769,.6703108,57.732,42.729,23.1340,17.4187,36.653,25.466,42.958,24.341,56.179,41.127,40.228,30.4117,68.7234,+0.2149
California,ACC,5,108.795,102.5131,.6643109,52.8121,52.9239,19.4249,19.4116,34.186,27.0105,45.438,27.474,52.9141,50.0162,35.1116,38.4313,71.082,+0.2444
Northern Iowa,MVC,5,108.2105,102.4128,.6534110,58.824,48.7140,14.971,15.6262,18.3361,30.9216,29.0269,28.284,57.365,49.4145,41.023,31.3138,67.6301,-1.2211
Saint Louis   vs. 92 Wichita St.,A10,3,111.557,105.6191,.6532111,55.364,48.4130,20.3273,16.8211,30.0182,33.7276,23.8331,30.5117,55.981,45.375,36.589,34.4224,71.944,-0.6150
Georgetown,BE,4,109.387,103.6149,.6484112,48.8217,48.7140,18.1183,20.682,38.626,30.0188,24.7317,18.87,54.0121,44.564,26.6316,37.6301,68.8219,-0.6148
Oregon St.,WCC,5,106.7128,101.3106,.6452113,52.6125,43.540,14.559,17.9175,33.3102,25.976,31.8224,26.563,53.7126,45.069,34.0143,27.750,66.3343,-0.48135
Troy,SB,5,104.1168,98.973,.6435114,49.2206,47.9115,23.8347,20.776,38.330,33.7276,26.6297,24.846,55.491,49.5150,26.1320,29.596,70.3115,-0.45131
Charleston,CAA,5,107.4115,102.1125,.6395115,54.588,52.3223,19.0229,18.7145,27.5236,25.363,38.0123,34.1183,53.5130,53.1212,37.666,34.1215,71.366,-0.1687
Sam Houston St.,CUSA,5,108.796,103.5146,.6371116,56.446,55.7299,19.6254,22.151,32.6118,43.0355,31.8224,35.2199,49.3216,54.5240,44.07,38.6319,70.5102,-0.33108
Virginia Tech,ACC,5,106.6130,101.5111,.6365117,49.8192,50.5188,21.8321,20.192,38.035,25.976,46.231,33.9180,51.6164,55.1260,31.6213,29.184,68.7230,-1.3224
Samford,SC,6,109.290,104.2161,.6308118,55.268,51.2200,19.5252,19.5113,32.0135,37.5327,34.7168,47.1327,53.8122,57.3301,37.763,27.648,74.43,-0.8173
South Florida   vs. 168 Middle Tennessee,Amer,5,105.2150,100.798,.6248119,49.2206,47.2100,16.5119,15.9251,29.7187,26.690,38.2122,40.3275,52.7149,53.3217,29.9253,25.020,70.3118,-0.9188
Murray St.   (H) 139 Utah Valley,MVC,4,108.894,104.7174,.6073120,57.535,47.9115,18.3199,13.3332,29.7187,25.258,41.670,42.3295,59.832,50.0162,35.9100,29.386,68.2260,-0.0375
St. Bonaventure,A10,5,105.3149,101.5110,.6038121,52.2138,47.4102,17.3152,20.287,35.367,25.258,44.645,19.811,58.156,44.865,29.5260,33.6202,67.3312,+0.3539
Southern Illinois   (A) 31 Florida,MVC,4,103.5186,100.091,.5987122,52.8121,48.4130,15.791,15.2275,22.8326,28.4139,33.0202,30.3115,54.1119,47.9115,33.3154,32.8177,69.9146,-1.2214
Temple   vs. 95 Florida St.,Amer,4,108.3102,104.6172,.5986123,53.798,43.237,14.047,15.4270,29.7187,35.3304,44.844,25.558,49.3216,44.865,41.320,27.039,69.4184,-0.5141
Rhode Island,A10,4,109.386,105.7198,.5951124,58.228,40.614,11.75,16.2237,23.9310,28.7149,66.72,37.7240,63.78,41.328,30.8233,26.432,71.368,+0.1161
Towson,CAA,5,105.5147,102.0121,.5940125,44.3305,49.5161,13.742,16.7220,30.5171,31.5234,39.992,44.7312,42.8317,54.5240,31.1224,27.750,65.2357,-0.43129
James Madison   vs. 143 UC San Diego,SB,5,105.6145,102.2126,.5911126,54.878,57.0330,19.9263,16.0244,38.722,19.56,33.2196,36.3219,54.3113,56.4291,36.880,38.8323,69.7160,-1.2213
Lipscomb,ASun,6,108.2104,105.0181,.5856127,49.0210,54.8279,16.2109,16.9206,20.2355,28.0129,23.1336,21.825,53.2138,56.8294,29.1273,34.5233,69.7166,-1.6252
Princeton   vs. 174 Texas St.,Ivy,6,108.0108,104.9177,.5851128,53.4108,53.2245,14.456,18.1167,20.8346,27.6118,34.4174,29.093,49.7203,53.6224,38.844,35.1245,67.4307,-1.1200
Akron   (H) 279 Lamar,MAC,3,104.8159,101.8119,.5807129,44.1307,53.1242,15.997,17.3191,27.7232,38.8337,14.6362,16.83,35.4362,58.5318,37.174,28.672,68.4250,-0.9181
Charlotte,Amer,4,106.4133,103.5145,.5796130,51.4159,53.6256,14.352,15.0279,25.8276,29.6177,42.563,30.4116,51.6164,59.2327,34.1140,28.672,65.7351,-0.2297
George Washington   vs. 46 Kansas St.,A10,4,108.4101,105.6194,.5744131,52.9116,45.057,15.791,21.463,36.158,29.1157,41.274,20.313,63.411,42.537,25.0330,33.3190,70.4107,+0.0965
Vermont,AE,5,102.3213,99.888,.5690132,44.9295,48.4130,17.9174,17.9175,21.5340,38.2330,24.3325,26.664,41.8326,46.688,32.5179,34.7239,65.0358,-1.3228
Bryant,AE,5,104.1170,101.7116,.5652133,49.4202,44.654,18.2193,18.2159,33.3102,31.1222,35.5150,38.5250,45.3284,44.461,38.058,29.9101,73.86,-1.7258
UC Santa Barbara,BW,5,109.291,106.7228,.5650134,58.922,47.5105,18.7217,14.7293,29.8185,23.838,34.2180,26.664,60.229,48.6123,38.353,30.6122,68.8223,-0.6146
Massachusetts,A10,4,104.3164,102.1124,.5619135,49.1208,48.6137,14.663,19.3123,32.3125,32.0246,26.4301,31.3132,49.1221,45.477,32.7173,35.2248,71.179,-2.0290
Seattle   (H) 0 Northwest (WA),WAC,4,104.5162,102.3127,.5607136,56.051,58.3344,18.1183,17.0203,28.2220,20.99,41.769,35.2199,51.5166,61.8346,41.914,35.3252,68.4251,-2.3313
East Carolina   vs. 349 Stetson,Amer,5,106.8125,104.5169,.5604137,42.0335,49.1154,12.211,16.0244,36.849,31.4228,46.330,43.0300,44.1299,46.996,26.0322,35.6262,67.4306,-0.6149
UMass Lowell,AE,5,105.3148,103.3143,.5566138,45.3282,50.2185,20.6282,16.2237,20.4349,43.2358,48.722,35.3201,50.0196,49.7157,22.9351,34.4224,71.941,-0.5140
Utah Valley   (A) 120 Murray St.,WAC,3,101.6224,99.784,.5548139,55.364,39.36,23.0336,18.3152,32.3125,27.4113,62.13,48.7335,54.5109,36.93,37.862,30.3112,70.2123,-0.8168
La Salle   vs. 146 Illinois Chicago (lost),A10,6,104.9157,103.0139,.5512140,50.1184,49.0149,15.689,15.1277,31.6150,24.754,38.3120,32.8162,50.8187,52.1197,32.5179,30.3112,70.3114,-0.42125
Tulane   (H) 350 New Orleans,Amer,5,103.8179,102.1123,.5472141,52.5129,39.910,17.2147,19.0133,33.1106,32.5260,33.1199,30.2113,49.2219,37.04,37.763,29.083,71.655,-0.7157
Ohio   vs. 267 Portland,MAC,5,108.992,107.1236,.5461142,50.8170,59.7352,16.7132,20.873,27.3243,33.8279,35.4152,40.7279,50.9186,51.3187,33.9146,50.5364,69.7163,-2.5323
UC San Diego   vs. 126 James Madison,BW,5,105.8144,104.2160,.5440143,49.0210,54.5273,13.023,23.135,26.3265,27.9125,36.1137,47.2328,44.8292,54.6247,35.7102,36.2282,67.5302,-1.1203
UTEP,CUSA,4,103.2195,101.7114,.5430144,44.7297,59.7352,15.278,24.216,17.1362,35.1300,41.274,66.3363,35.1363,57.9308,43.211,41.5350,71.175,-0.38116
Purdue Fort Wayne,Horz,5,107.2116,105.8201,.5368145,53.3109,54.4270,13.639,19.999,32.4123,34.6292,33.3193,39.3259,50.3193,58.6322,38.255,32.3164,71.274,-0.7167
Illinois Chicago   vs. 140 La Salle (won),MVC,6,107.6110,106.2215,.5355146,56.348,56.5321,19.3244,15.6262,31.4156,25.772,41.080,42.9299,56.672,54.1234,37.271,40.7346,71.461,-1.0190
UT Arlington,WAC,5,107.4113,106.1212,.5342147,58.327,54.4270,20.7286,12.4350,28.4216,31.6235,35.1158,48.1331,54.6106,54.5240,42.313,36.2282,71.850,-2.0295
Hofstra   (A) 1 Houston,CAA,5,104.0171,102.9138,.5311148,53.3109,46.889,22.7332,18.3152,27.0248,32.5260,28.8272,39.0253,52.4153,43.250,36.390,34.3221,66.5339,+0.1854
Duquesne,A10,4,103.6182,102.6133,.5277149,46.8253,59.9355,15.484,19.0133,27.0248,24.855,34.0186,49.3339,47.2256,54.7248,30.9229,44.4357,68.9210,-3.1347
Boston College,ACC,4,103.5183,102.6134,.5260150,43.5313,47.6108,17.4156,18.1167,39.318,29.3161,37.1129,33.2169,39.4344,51.9193,35.7102,28.059,68.1274,-0.30105
Toledo   vs. 177 Jacksonville St.,MAC,5,108.797,107.8247,.5239151,55.074,51.7209,11.75,16.6224,26.0272,30.1191,33.2196,24.846,55.884,52.6206,35.2115,33.3190,71.752,-0.24100
Davidson   (H) 364 VMI,A10,3,104.2167,103.8150,.5120152,56.944,56.0308,18.7217,12.9341,36.158,22.723,55.69,33.6174,58.350,49.3141,36.196,44.4357,68.7233,+0.2052
UNC Asheville   vs. 304 Southeast Missouri St.,BSth,3,106.8124,106.4217,.5110153,45.6278,57.0330,13.536,13.5323,32.8112,35.5306,25.9305,40.9281,41.5328,59.8332,35.7102,35.7266,69.5177,-0.7160
Fordham   (H) 182 Drexel,A10,5,103.1201,102.7136,.5103154,45.0290,50.6189,17.9174,20.386,25.9274,32.4257,34.3176,33.1168,41.3330,49.4145,32.7173,35.7266,70.988,-0.6155
Tulsa,Amer,5,106.9119,106.7225,.5074155,50.2178,54.0261,14.148,19.6110,31.6150,32.7265,45.141,38.5250,54.999,54.7248,29.8254,35.2248,70.0137,-1.7262
Stephen F. Austin   (H) 256 Monmouth,Slnd,5,99.8263,99.682,.5052156,40.1348,42.729,27.7361,23.330,37.047,33.6275,36.9131,46.7324,41.3330,40.015,25.0330,30.7126,69.0202,-2.1298
St. Thomas   vs. 192 Wofford,Sum,5,106.1138,106.0207,.5041157,55.268,52.3223,20.4275,15.3274,25.0293,26.795,21.5345,39.0253,54.4110,56.1278,37.469,31.6151,66.4341,-0.8174
UC Davis,BW,5,99.7264,99.783,.5005158,47.0249,46.585,20.2271,20.287,26.4262,33.3273,36.7135,48.1331,48.7228,50.0162,29.4264,27.445,71.272,-0.27101
Loyola Marymount   (H) 260 North Dakota,WCC,3,105.9140,105.9205,.5004159,42.2332,52.7232,16.5119,19.4116,21.7336,23.940,20.5349,32.4153,38.8348,47.6108,30.9229,39.6333,66.8329,-1.4232
Furman,SC,5,104.2165,104.6171,.4902160,54.686,49.2155,17.6160,17.2195,25.3287,25.772,29.3264,27.577,49.4213,52.1197,39.236,28.878,69.7162,+0.4137
Kent St.,MAC,4,103.4189,103.9152,.4880161,45.2285,54.5273,19.0229,14.9289,36.158,24.144,39.2105,42.3295,46.4272,54.4238,29.0274,36.4287,67.2317,+0.0964
Wyoming   (H) 272 Southeastern Louisiana,MWC,4,104.7160,105.3186,.4853162,50.9166,50.6189,24.5350,16.0244,39.318,32.4257,43.552,41.3289,49.2219,54.2236,37.075,28.878,68.3254,-0.1890
South Dakota St.,Sum,5,103.8180,104.3163,.4838163,53.0115,47.093,18.1183,12.7344,32.9110,21.011,36.0141,36.0209,57.069,49.6152,31.3219,29.386,71.080,-0.39120
UNC Wilmington,CAA,4,105.0155,105.6193,.4831164,46.7254,56.2312,15.175,15.5266,30.1177,24.144,71.91,36.0209,51.9162,62.5351,25.4328,31.1134,68.4252,+0.0071
Richmond,A10,5,101.4227,102.1122,.4806165,45.1287,47.7111,15.893,15.8254,19.0358,21.112,39.992,46.6323,47.7246,50.0162,27.5300,30.3112,68.2268,-2.4320
Chattanooga,SC,6,105.2153,105.9204,.4802166,48.3223,52.8234,17.9174,14.7293,27.2244,26.383,31.3233,37.5239,57.069,56.1278,26.1320,31.4142,69.7167,-1.5243
Appalachian St.,SB,4,100.1260,100.8100,.4800167,47.8233,47.9115,24.7351,15.5266,29.4198,33.1270,41.080,21.522,50.0196,53.3217,30.0250,27.852,68.2261,-1.3218
Middle Tennessee   vs. 119 South Florida,CUSA,5,103.2198,103.9153,.4797168,49.4202,48.0118,19.7257,19.4116,35.665,25.363,35.6147,41.5290,54.3113,55.4266,25.0330,24.415,68.6237,-0.42124
New Mexico St.,CUSA,4,105.9143,106.7226,.4783169,47.4244,46.077,17.2147,9.3363,37.444,31.4228,42.860,43.0300,46.0277,45.980,33.3154,30.7126,68.3255,-0.2499
UT Rio Grande Valley,Slnd,6,107.4112,108.3266,.4770170,54.588,55.5290,17.9174,19.2128,30.2176,27.8122,17.4356,43.3302,58.744,59.8332,33.3154,33.1187,72.918,-0.9178
Illinois St.   vs. 74 McNeese St.,MVC,4,104.1169,105.0180,.4759171,52.4133,49.7169,14.148,15.0279,23.2321,24.349,34.1183,21.421,55.687,52.0196,32.5179,31.5146,67.9286,-0.7163
Columbia,Ivy,6,108.799,109.6299,.4753172,55.855,50.8193,15.997,17.8178,32.5120,27.4113,39.1107,27.271,56.871,50.9182,36.390,33.8208,69.2191,+0.815
Wright St.   vs. 89 Bradley,Horz,6,106.8121,107.8246,.4752173,52.9116,54.9281,16.5119,12.7344,23.4320,22.118,25.2311,30.9124,55.588,55.4266,32.2194,36.0277,71.370,-0.5142
Texas St.   vs. 128 Princeton,SB,5,101.3230,102.5132,.4674174,45.5279,52.6228,20.0267,19.7108,23.7315,25.976,53.813,45.0313,43.3309,49.6152,34.7130,38.5314,68.3257,-1.8268
UNC Greensboro,SC,4,103.1200,104.3162,.4671175,43.4314,47.093,17.5158,16.0244,32.3125,30.4206,31.3233,31.5136,40.4336,50.5178,31.3219,27.852,67.0323,-0.6152
Rice   (A) 346 Houston Christian,Amer,5,103.3192,104.5167,.4665176,50.6173,43.540,20.4275,15.8254,33.597,28.6144,62.13,35.1196,52.2160,42.537,32.5179,30.3112,68.2270,-0.37113
Jacksonville St.   vs. 151 Toledo,CUSA,5,103.9175,105.1183,.4665177,52.2138,48.1120,13.228,11.0357,26.5259,21.816,35.0161,24.442,53.7126,43.958,32.9171,35.5260,67.0321,-0.5144
Longwood   vs. 94 UAB,BSth,5,101.2233,102.5130,.4637178,45.0290,45.673,19.8261,24.117,34.283,29.7180,53.813,31.0127,47.7246,52.2200,27.5300,23.913,68.4246,+0.2051
Saint Peter's,MAAC,5,100.4252,101.8117,.4628179,49.1208,45.571,21.9322,14.6296,36.256,29.5170,32.6209,55.5353,43.1312,48.6123,37.370,26.127,66.4340,-1.4231
Milwaukee   (H) 246 Portland St.,Horz,4,106.9117,108.4268,.4615180,45.8274,54.1263,19.7257,19.3123,32.2131,27.8122,40.485,46.7324,47.9241,55.1260,27.9295,35.2248,71.558,-1.1205
Florida Gulf Coast   (H) 285 Cal St. Bakersfield (won),ASun,5,103.5185,105.2185,.4550181,51.5155,47.196,18.8220,16.6224,24.2305,31.2224,17.6355,35.5204,54.6106,47.3103,31.7208,31.1134,66.5337,-2.6328
Drexel   (A) 154 Fordham,CAA,5,101.6223,103.4144,.4503182,49.0210,42.831,15.997,10.6358,31.0164,25.258,20.2351,29.398,49.3216,45.171,32.4189,25.825,66.0349,-1.3226
Belmont,MVC,5,103.8176,105.7195,.4497183,58.625,55.6294,16.7132,17.1201,29.0206,21.615,28.3278,20.715,60.328,54.7248,37.666,37.7302,71.847,-0.43128
Texas A&M Corpus Chris,Slnd,5,104.0173,105.8201,.4491184,52.4133,54.5273,16.2109,17.6182,29.0206,36.8320,41.571,50.4343,52.2160,57.3301,35.3112,33.7206,71.460,-1.4230
North Alabama,ASun,5,106.2137,108.2259,.4483185,52.3137,58.6345,14.559,21.659,29.6191,30.3199,26.7295,34.1183,49.7203,59.8332,37.959,38.3311,69.7169,-0.9179
UC Riverside   (A) 98 Colorado St.,BW,5,105.1154,107.1235,.4457186,46.0268,56.7324,12.922,14.7293,26.3265,36.4314,28.2280,32.7160,48.6229,57.3301,28.3288,36.9293,69.0205,-1.0192
Hawaii   (H) 9 North Carolina,BW,4,102.9203,104.9178,.4450187,52.5129,44.450,15.380,12.9341,30.1177,28.6144,56.37,42.1292,60.725,45.375,23.5345,27.956,67.1319,+0.1655
Winthrop   (A) 59 Louisville,BSth,6,102.5209,104.5165,.4444188,48.6219,48.3128,20.9298,22.545,35.071,31.4228,56.96,37.7240,55.884,43.045,25.8326,36.5289,71.177,-1.3229
Northern Kentucky,Horz,4,99.5267,101.6112,.4406189,42.0335,51.7209,22.1326,18.1167,27.6234,31.2224,31.1236,23.334,45.0287,50.3174,25.0330,36.0277,68.6235,-2.2307
Northern Colorado,BSky,6,103.3191,105.5190,.4397190,51.5155,46.687,14.663,16.9206,25.0293,29.0154,18.5352,39.0253,53.5130,53.7226,32.5179,22.56,70.987,-0.7162
UMKC   vs. 236 American,Sum,5,102.4210,104.6173,.4391191,37.2359,56.4317,16.1105,15.4270,23.9310,36.4314,13.2363,21.624,36.9356,59.1326,25.0330,35.6262,68.8225,-0.39121
Wofford   vs. 157 St. Thomas,SC,4,106.7127,109.2293,.4344192,45.9271,57.6339,21.7320,13.2334,31.1161,34.4289,12.8364,29.194,50.0196,53.7226,28.3288,41.6352,66.9326,-1.7259
William & Mary   (A) 54 N.C. State,CAA,6,106.8122,109.4295,.4332193,54.975,53.3246,19.6254,18.2159,32.8112,31.9245,44.942,43.4304,58.449,58.4315,34.9125,31.0132,72.139,-2.4319
Montana,BSky,5,105.2151,107.9254,.4286194,46.3260,59.5349,20.6282,15.8254,25.0293,35.6308,34.1183,49.7341,51.0180,58.3313,26.5318,40.9349,68.0281,-0.9182
Weber St.   (H) 81 UC Irvine,BSky,4,103.7181,106.4218,.4282195,39.4351,56.5321,18.1183,14.6296,30.0182,29.5170,39.4102,49.1336,43.1312,54.5240,22.2355,40.0338,67.7297,-1.7261
Cornell,Ivy,5,106.9120,109.7302,.4278196,52.7123,49.8171,19.0229,17.7179,32.4123,38.7335,39.894,45.1315,59.437,50.3174,30.1248,32.6172,72.820,-1.4240
Brown,Ivy,5,103.2197,105.8200,.4274197,53.1114,46.077,18.8220,16.8211,33.792,31.6235,34.4174,31.1129,55.491,42.334,33.6151,35.7266,67.7296,-2.8336
Georgia Southern,SB,6,104.2166,106.9232,.4264198,54.975,50.2185,21.0305,20.287,29.3202,31.0219,34.8165,62.9361,59.635,59.9336,32.6177,26.634,74.34,-1.3219
East Tennessee St.   (H) 323 USC Upstate,SC,4,104.8158,107.6243,.4254199,52.1141,58.8347,15.587,19.3123,40.811,40.3346,36.8133,43.5305,52.9141,56.9296,34.0143,41.7353,68.2264,-1.7256
Louisiana   vs. 107 Liberty,SB,4,100.9241,103.6148,.4250200,44.5301,54.2265,19.2238,18.2159,20.8346,40.8348,24.8316,53.3346,39.4344,54.9254,34.8128,35.4256,69.9148,-1.9281
Youngstown St.   vs. 306 Presbyterian,Horz,4,99.1276,101.8118,.4243201,43.3318,46.383,16.3114,17.0203,28.0223,31.0219,45.734,36.5221,48.0239,46.791,24.2340,30.3112,70.6101,-0.7159
Abilene Christian,WAC,5,101.4228,104.1159,.4229202,49.4202,55.1283,21.6316,23.922,25.5282,25.670,49.019,67.4364,47.8245,53.6224,35.7102,39.0324,70.0143,-1.7260
Northeastern   vs. 262 FIU,CAA,4,102.7206,105.6192,.4213203,61.65,48.5135,18.1183,17.4187,21.8334,27.1108,22.4338,27.271,63.97,52.2200,38.353,28.981,68.5244,-0.6156
South Alabama,SB,5,102.0217,105.0179,.4186204,47.5240,48.1120,16.1105,16.9206,26.7255,25.056,36.9131,23.233,52.3158,45.069,28.7284,33.6202,68.3256,-1.0199
Little Rock   (A) 36 Arkansas,OVC,5,102.3212,105.4187,.4157205,51.1162,45.264,22.1326,22.151,29.2203,41.1350,34.8165,50.9344,46.7265,43.045,40.327,31.3138,69.5180,-0.9184
Cal St. Northridge,BW,4,101.0237,104.1156,.4155206,53.798,45.365,21.9322,21.955,28.6213,25.670,48.821,58.4356,52.7149,49.2136,37.075,28.672,73.77,-0.48137
Cal Baptist,WAC,5,106.6131,109.9310,.4114207,48.3223,55.8302,11.53,17.2195,32.5120,30.5208,35.3154,22.427,51.2176,53.5222,28.4286,40.0338,66.7334,-1.7264
North Florida,ASun,6,105.9142,109.8305,.3986208,54.588,53.4249,12.716,13.8316,30.1177,32.8266,21.7344,31.5136,55.588,54.0232,35.7102,34.7239,70.0139,-0.1889
Oakland,Horz,5,101.3231,105.0182,.3981209,42.1333,54.7277,19.6254,15.0279,25.7278,32.5260,24.4322,24.948,53.1140,54.2236,17.6364,37.1296,66.6336,-1.8266
Marshall,SB,4,102.0216,105.8199,.3973210,50.8170,46.281,13.944,19.4116,28.6213,27.7119,47.227,58.9358,53.3136,46.688,31.5214,30.0103,71.751,-0.8176
Jacksonville,ASun,5,100.8243,104.6170,.3955211,49.8192,49.8171,24.9353,19.6110,38.133,32.2252,18.4353,41.2288,49.7203,52.4204,33.3154,30.1105,68.2269,-0.6153
Idaho,BSky,5,104.5161,108.8278,.3878212,52.1141,56.7324,22.0324,13.8316,23.1323,34.0283,35.1158,40.9281,46.3274,63.6356,39.735,31.6151,68.6236,-1.7255
Indiana St.   (H) 348 Chicago St.,MVC,4,100.7244,104.8176,.3876213,52.0143,55.6294,21.4314,17.6182,21.6338,22.017,32.4211,47.8330,44.6295,57.7306,38.156,35.1245,73.114,-1.5246
Merrimack   (A) 88 Butler,MAAC,4,96.0333,99.990,.3867214,41.5341,48.1120,19.5252,22.644,24.5301,34.3287,22.8337,30.1111,47.4253,46.894,22.0358,33.3190,67.8292,-1.4236
Gardner Webb,BSth,5,101.5226,105.7196,.3854215,51.6151,52.4225,22.7332,14.3306,32.3125,30.5208,32.4211,34.8193,51.5166,56.1278,34.5135,31.0132,70.2122,-0.9185
Georgia St.   (H) 250 North Carolina Central,SB,4,103.0202,107.3241,.3838216,41.2343,50.0177,14.352,12.0354,31.8143,31.2224,30.8240,24.948,40.0337,55.6271,29.3266,28.468,70.4111,-1.0195
Eastern Kentucky,ASun,4,103.2194,107.6244,.3827217,53.6103,48.6137,17.9174,19.3123,36.849,39.3340,16.2360,33.9180,52.5152,50.9182,36.786,30.1105,69.6173,-0.0982
Nicholls St.,Slnd,6,101.8221,106.1211,.3816218,42.6328,46.992,16.2109,12.1353,32.0135,31.8243,25.4309,42.2293,38.2352,49.7157,32.6177,29.386,68.7228,-2.2304
Mercer,SC,5,102.5207,107.0234,.3793219,48.9214,56.8328,20.6282,15.0279,23.9310,31.4228,24.4322,44.6311,46.8262,61.3343,34.1140,34.5233,71.463,-1.8267
Delaware,CAA,4,100.6248,105.1184,.3773220,47.7235,48.7140,17.9174,20.287,25.2288,36.7318,36.1137,32.8162,46.6268,44.865,33.3154,37.5300,70.990,-1.7254
Quinnipiac,MAAC,5,99.5269,104.0154,.3766221,44.1307,47.3101,19.2238,19.999,29.5194,41.0349,31.8224,30.0109,50.0196,47.5105,24.0342,31.4142,71.653,-0.6151
Maine,AE,5,98.8281,103.3142,.3763222,43.2320,54.3267,18.4203,20.970,26.4262,29.5170,27.4290,35.6205,47.7246,57.4304,23.5345,33.3190,68.7227,-1.5242
Southern,SWAC,5,98.3296,102.7137,.3762223,48.1228,55.6294,20.9298,18.4149,30.5171,36.8320,29.8255,36.2213,47.9241,57.7306,32.5179,35.4256,69.8154,-2.4317
Montana St.,BSky,5,103.1199,107.8245,.3760224,50.0185,51.7209,17.1145,16.7220,27.5236,32.3256,29.3264,40.9281,49.6209,49.4145,33.7148,38.7321,69.6175,-2.2302
Marist,MAAC,4,101.8218,106.4219,.3757225,54.588,55.4289,16.4118,16.4229,32.2131,24.450,25.9305,32.6158,51.0180,56.2286,39.833,36.2282,66.8331,-0.6145
Miami OH,MAC,4,102.1215,106.9231,.3705226,54.294,59.8354,17.6160,21.955,28.9209,29.0154,15.9361,32.7160,51.1177,62.4349,38.746,37.9308,69.3185,-0.9187
South Dakota   (A) 310 Southern Indiana,Sum,6,106.4132,111.6340,.3675227,50.6173,51.9214,14.663,18.8141,33.792,37.5327,42.365,30.1111,54.8101,55.7273,29.6258,30.4117,72.138,-0.1991
Central Michigan,MAC,5,99.5268,104.5168,.3626228,52.0143,49.5161,25.1357,18.6147,34.186,25.568,30.5244,46.5321,58.156,53.1212,30.2247,30.4117,68.2271,-0.50138
Missouri St.,MVC,4,98.6288,103.6147,.3624229,48.7218,49.5161,18.2193,22.743,33.696,32.8266,49.518,49.5340,46.6268,49.6152,35.6108,32.8177,69.1200,-0.30103
Howard,MEAC,5,103.4190,108.6273,.3619230,51.7148,56.4317,22.1326,16.5227,27.0248,28.8151,25.0313,40.1272,45.6282,66.4362,41.418,28.059,68.5242,-0.37112
Elon   (A) 64 Notre Dame,CAA,4,103.5184,108.8279,.3613231,53.997,46.585,21.1308,13.5323,35.763,30.0188,41.274,24.240,51.1177,37.96,38.451,39.0324,68.8216,-0.9189
Norfolk St.   (A) 78 Grand Canyon,MEAC,6,102.9204,108.2260,.3591232,52.9116,45.469,18.4203,18.1167,24.1307,43.8360,40.982,32.5156,55.296,47.5105,31.7208,29.494,67.1318,-1.1201
Colgate   (A) 247 Harvard,Pat,4,98.9280,104.1157,.3561233,42.0335,50.6189,12.515,14.9289,16.5363,23.631,16.6358,27.271,45.9278,48.7128,24.4339,35.8269,68.2262,-1.7263
San Jose St.,MWC,6,103.3193,108.8280,.3547234,44.3305,56.3316,12.312,15.8254,23.8314,28.6144,34.3176,25.455,43.1312,58.8324,31.2222,34.9244,65.6353,-4.0360
Southern Utah   (A) 309 San Diego,WAC,5,101.7222,107.2237,.3535235,51.5155,48.2126,19.9263,13.9311,30.9166,29.7180,57.45,31.6139,54.7104,46.081,30.4243,35.8269,70.6100,-0.48136
American   vs. 191 UMKC,Pat,5,105.2152,111.0333,.3512236,49.3205,55.5290,16.8135,14.3306,25.0293,33.8279,22.0340,42.5297,49.7203,58.2311,32.5179,32.9180,64.4362,-2.3310
Bucknell,Pat,6,100.4253,106.1209,.3479237,52.5129,48.5135,19.2238,17.2195,25.6280,30.3199,40.289,29.5101,52.8145,49.6152,34.7130,31.3138,69.5176,-0.8171
North Dakota St.,Sum,6,103.8177,110.1317,.3362238,49.0210,54.0261,14.456,9.3363,23.5318,26.899,25.7308,25.352,49.6209,58.4315,32.3192,30.1105,66.8330,-2.0289
UTSA,Amer,3,103.8178,110.1318,.3356239,38.1357,60.3358,16.9140,21.758,29.7187,30.5208,39.798,29.9107,37.5354,56.0277,25.9324,45.2359,72.137,-1.4241
Rider,MAAC,5,100.6250,106.8229,.3342240,46.7254,49.2155,22.3330,14.5301,32.0135,30.9216,40.289,27.577,48.6229,51.0184,28.7284,30.8129,68.8220,-0.38118
Cleveland St.,Horz,6,98.3295,104.5166,.3307241,44.7297,55.7299,24.7351,23.330,36.061,35.1300,21.1348,39.8266,46.4272,55.5269,27.1306,37.4299,69.5179,-1.0191
Texas Southern,SWAC,5,99.8261,106.2213,.3304242,43.2320,51.9214,16.6126,15.6262,26.7255,33.8279,32.0216,52.5345,43.8304,49.5150,27.8296,35.8269,70.0140,-1.9282
Western Carolina,SC,4,98.2300,104.5164,.3281243,42.3330,44.450,25.0356,14.9289,32.0135,31.8243,22.0340,31.6139,44.3298,40.825,26.4319,32.3164,69.5182,-1.3220
Southern Miss,SB,4,101.5225,108.2261,.3253244,49.7198,57.0330,19.3244,17.2195,23.7315,29.9186,33.2196,27.474,55.394,60.6340,27.8296,33.8208,71.942,-1.2215
Pepperdine   (A) 48 Northwestern,WCC,4,101.4229,108.1256,.3239245,52.9116,53.4249,20.4275,13.8316,20.7348,28.9152,35.3154,25.859,51.5166,49.3141,37.075,39.1327,69.8158,-1.7257
Portland St.   (A) 180 Milwaukee,BSky,3,99.4270,106.0208,.3229246,57.830,54.3267,23.3344,25.111,30.1177,34.8296,35.9143,56.4354,52.4153,52.8208,45.55,37.8305,72.529,-0.38119
Harvard   (H) 233 Colgate,Ivy,5,99.4271,106.0206,.3229247,49.6199,53.4249,19.3244,15.8254,26.6257,28.4139,28.2280,30.6119,54.4110,50.8180,29.0274,38.5314,69.6174,-3.0344
Grambling St.,SWAC,4,97.6307,104.1158,.3217248,46.6256,47.6108,27.8362,15.2275,19.8356,31.6235,32.3214,37.0232,43.2310,49.2136,36.099,29.9101,67.9282,-1.0198
Alabama St.   vs. 281 Nebraska Omaha,SWAC,3,99.4272,106.1210,.3204249,43.0323,59.0348,19.0229,18.3152,34.283,31.7239,38.0123,59.0359,46.8262,58.5318,23.8343,40.0338,69.9150,-0.9186
North Carolina Central   (A) 216 Georgia St.,MEAC,6,102.1214,109.0287,.3195250,48.4221,56.5321,18.4203,23.428,29.8185,41.2351,33.8192,49.2337,48.6229,65.6360,32.1197,25.926,68.1276,-3.5356
Austin Peay,ASun,5,101.3231,108.6272,.3106251,46.5257,53.0240,15.175,18.9137,25.5282,34.6292,30.4246,37.3235,46.6268,63.3355,30.9229,23.511,67.2313,-0.44130
Green Bay   (A) 270 Evansville,Horz,5,102.3211,109.7303,.3095252,55.560,51.1197,16.5119,16.7220,18.6359,36.1311,31.0237,36.2213,58.156,48.9132,35.5110,36.4287,69.2193,-1.8270
Fairfield,MAAC,5,98.3297,105.4189,.3082253,37.5358,51.6208,15.074,19.4116,31.3157,30.1191,24.9314,36.2213,39.2346,53.1212,23.2347,32.4167,69.5178,-2.1300
Albany   vs. 0 P.R.-Mayaguez,AE,4,101.1236,108.7277,.3026254,47.0249,48.4130,13.124,20.970,31.5155,25.363,29.0269,46.5321,50.4192,50.0162,27.0309,30.2109,72.819,-0.8172
Kennesaw St.,CUSA,5,103.5187,111.3337,.3021255,57.535,47.4102,21.4314,13.5323,34.186,29.4164,54.112,58.8357,48.3235,49.2136,45.84,28.364,73.312,-0.7161
Monmouth   (A) 156 Stephen F. Austin,CAA,6,101.0240,108.6274,.3010256,40.7346,55.5290,17.6160,15.7260,32.8112,30.8212,31.7229,54.8352,36.2360,58.4315,32.8172,33.9212,70.5104,-3.7359
Radford,BSth,6,102.7205,110.6327,.2991257,51.9145,56.1311,16.0101,16.6224,33.597,31.1222,43.155,38.9252,51.1177,52.8208,35.5110,39.7335,66.1348,-0.40123
Eastern Michigan,MAC,5,100.6251,108.3267,.2988258,44.7297,47.196,19.0229,19.4116,32.3125,30.1191,26.5298,46.4320,40.8334,49.6152,33.7148,28.776,66.8332,-1.4234
Cal St. Fullerton   (A) 22 UCLA,BW,5,98.9278,106.6224,.2985259,43.4314,53.0240,21.3311,18.3152,26.2267,39.2338,40.289,39.1256,43.5307,55.2263,28.9278,34.0213,67.3308,-2.1301
North Dakota   (A) 159 Loyola Marymount,Sum,4,100.1258,107.9252,.2983260,43.3318,55.1283,23.0336,15.0279,28.1221,24.043,34.3176,29.499,41.4329,64.8358,31.1224,21.22,69.2194,-0.8177
Lehigh,Pat,5,100.2256,107.9253,.2981261,47.5240,56.0308,17.1145,13.4327,15.8364,43.2358,29.6260,33.9180,47.7246,59.5330,31.4218,32.5169,70.3121,-2.0288
FIU   vs. 203 Northeastern,CUSA,4,99.6266,107.3240,.2976262,42.9326,52.8234,15.380,24.117,27.8228,30.3199,32.7207,61.0360,47.2256,59.4329,23.2347,27.648,72.917,-2.5327
Northern Arizona   (H) 287 Incarnate Word,BSky,5,102.5208,110.5323,.2975263,45.0290,57.4337,16.5119,18.1167,32.0135,32.8266,18.2354,29.6103,50.7189,50.0162,25.0330,45.5360,68.5245,-0.40122
Robert Morris,Horz,7,98.8284,106.5221,.2961264,45.4281,49.4159,19.8261,17.4187,34.380,18.65,38.3120,36.2213,44.9290,49.2136,30.8233,33.1187,68.9213,-1.0194
Penn,Ivy,5,103.9174,112.0346,.2951265,45.0290,53.6256,16.8135,15.5266,33.0108,39.9343,47.425,26.767,42.7318,46.791,32.0200,42.9356,66.1345,-2.0292
Oral Roberts,Sum,6,101.8219,109.9308,.2940266,47.3246,61.0360,20.7286,12.6346,29.4198,28.3137,26.7295,40.5278,48.6229,61.0342,30.5242,40.6345,70.3119,-2.3316
Portland   vs. 142 Ohio,WCC,5,100.2257,108.1258,.2937267,43.0323,51.8213,16.5119,13.4327,22.1330,26.383,26.9293,29.499,42.1323,53.9230,29.4264,33.1187,68.9207,-1.9276
Bethune Cookman,SWAC,5,98.6290,106.5220,.2916268,45.0290,50.0177,21.0305,18.2159,23.9310,36.0310,27.4290,35.1196,45.5283,48.6123,29.5260,34.7239,70.699,-2.0291
UMBC,AE,6,104.0172,112.4350,.2907269,49.6199,55.8302,17.9174,20.192,26.0272,36.4314,31.0237,35.3201,48.3235,53.3217,34.5135,40.2341,72.235,-2.3308
Evansville   (H) 252 Green Bay,MVC,5,100.4254,108.5271,.2895270,44.1307,58.7346,17.9174,16.8211,20.3352,38.7335,30.0250,40.9281,47.1260,61.6345,27.6299,35.4256,69.6171,-2.4321
Bowling Green,MAC,5,100.7245,108.9283,.2875271,53.3109,52.8234,15.893,17.3191,22.4328,30.8212,23.7332,37.3235,54.2116,55.7273,34.7130,32.3164,70.4113,-2.0294
Southeastern Louisiana   (A) 162 Wyoming,Slnd,4,99.6265,107.8248,.2865272,50.9166,52.8234,23.0336,16.4229,24.5301,29.6177,24.9314,38.4248,51.4171,55.9276,33.3154,31.8156,67.7299,-0.7164
Valparaiso,MVC,4,100.7246,109.1290,.2840273,43.7312,55.6294,17.3152,18.3152,30.6170,26.9100,38.5114,20.816,48.3235,56.4291,22.2355,36.1280,70.0145,-1.6253
Iona,MAAC,5,98.9279,107.2238,.2839274,40.8345,57.6339,25.5358,20.484,44.86,29.4164,36.8133,34.1183,39.6343,56.9296,28.9278,39.0324,70.1130,-2.6332
Wagner,NEC,5,95.9334,104.0155,.2822275,36.8360,53.7258,20.7286,20.776,26.8254,26.486,16.9357,46.3319,36.4359,54.4238,25.0330,35.3252,65.0359,-0.9183
Morehead St.,OVC,5,96.5323,104.8175,.2798276,40.4347,53.3246,20.8296,10.0360,25.0293,24.652,43.850,28.890,44.1299,58.5318,21.5361,30.7126,67.3309,-1.4233
Old Dominion,SB,5,101.8220,110.5325,.2797277,45.9271,55.7299,20.9298,12.5348,33.597,35.1300,24.6319,38.4248,46.8262,55.0257,29.6258,38.1310,71.178,-2.1296
Ball St.,MAC,5,100.4255,109.1289,.2775278,43.0323,52.2222,15.484,15.0279,20.4349,27.0105,56.18,42.8298,43.8304,51.0184,28.0294,36.5289,69.8157,-3.1349
Lamar   (A) 129 Akron,Slnd,3,101.1235,109.9311,.2759279,41.4342,64.3363,17.2147,17.2195,40.414,40.0344,39.1107,43.5305,39.8341,60.3339,30.0250,46.8361,69.8155,-1.1202
Mount St. Mary's,MAAC,5,97.1316,105.7197,.2738280,45.9271,49.6165,23.8347,14.3306,28.4216,30.4206,31.8224,26.061,45.9278,54.7248,30.6238,27.956,69.9149,-0.7166
Nebraska Omaha   vs. 249 Alabama St.,Sum,5,100.1259,109.0286,.2731281,49.8192,51.5205,17.2147,13.9311,26.4262,26.9100,29.5262,39.7262,46.7265,56.3288,36.880,29.386,70.1131,-1.8271
SIU Edwardsville,OVC,7,97.1315,105.9203,.2705282,47.4244,50.4187,19.0229,16.8211,32.5120,29.4164,20.4350,40.4276,48.0239,49.2136,31.1224,34.6235,68.1272,-1.1208
Central Connecticut,NEC,5,97.8304,106.7227,.2701283,44.4303,51.5205,17.9174,20.192,23.2321,29.1157,29.3264,18.87,49.7203,60.2338,22.7352,28.468,67.8289,-1.7265
Boston University,Pat,5,98.6289,107.6242,.2693284,48.2226,49.8171,22.8334,17.7179,32.6118,27.8122,29.9254,30.5117,50.0196,51.5191,30.7236,31.6151,67.1320,-3.0343
Cal St. Bakersfield   (A) 181 Florida Gulf Coast (lost),BW,5,99.1274,108.2262,.2678285,50.0185,52.6228,17.6160,16.9206,37.346,29.2159,30.5244,43.3302,49.7203,54.8253,33.9146,33.0183,66.4342,-0.50139
Eastern Washington,BSky,5,101.1234,110.5322,.2649286,54.294,59.5349,18.5208,22.940,25.6280,36.4314,28.2280,36.4220,57.762,51.8192,32.1197,46.8361,72.627,-2.5322
Incarnate Word   (A) 263 Northern Arizona,Slnd,4,103.4188,113.1357,.2642287,57.732,50.9194,14.663,12.2352,38.035,25.772,33.9189,36.9226,58.156,46.485,37.959,39.1327,69.7159,-0.8170
Navy,Pat,5,100.6247,110.1316,.2632288,45.2285,55.9305,15.997,20.776,33.2104,32.1248,33.1199,47.4329,46.7265,56.1278,28.4286,37.2297,68.4249,-3.3351
Queens,ASun,5,97.2313,106.6223,.2572289,39.9349,51.7209,18.4203,18.7145,25.1290,38.4332,24.0328,27.779,40.0337,49.4145,26.6316,37.0295,73.213,-1.4238
Charleston Southern,BSth,6,100.6249,110.5324,.2533290,48.3223,57.1333,22.0324,14.5301,31.8143,29.5170,37.6126,33.7179,53.4134,58.7323,27.3304,36.0277,70.1132,-3.4354
Eastern Illinois,OVC,5,98.2299,108.1257,.2491291,43.4314,58.0342,18.7217,19.7108,23.6317,37.1326,24.3325,46.8326,41.8326,62.8353,31.8206,35.6262,68.8218,-1.5244
Lafayette,Pat,5,96.6322,106.4216,.2491292,46.4258,51.9214,16.6126,16.3233,26.9252,38.6334,29.2267,44.3309,42.3321,53.4221,35.0121,32.7175,67.5303,-2.5325
North Carolina A&T,CAA,5,101.0239,111.2336,.2478293,50.4176,51.0196,14.148,20.776,18.5360,34.7294,35.1158,26.462,49.4213,57.1300,34.9125,26.432,71.945,-1.0197
Long Beach St.,BW,5,97.9302,107.9251,.2464294,43.1322,56.2312,20.4275,15.4270,28.8210,34.4289,29.8255,37.3235,41.9324,56.1278,29.8254,37.7302,68.9209,-2.3309
Fresno St.,MWC,4,96.8319,106.8229,.2440295,46.9251,49.6165,17.5158,20.873,29.0206,32.5260,34.0186,31.6139,50.6191,54.1234,26.7314,28.059,73.59,-1.5248
Tennessee St.,OVC,6,98.6287,109.0284,.2411296,51.6151,51.2200,21.1308,17.2195,34.875,30.9216,44.942,39.9268,55.098,50.3174,29.2267,35.3252,70.891,-2.2303
Cal Poly,BW,6,97.6308,107.8249,.2404297,55.170,52.6228,23.0336,18.8141,25.1290,32.2252,26.9293,41.0286,57.267,53.7226,35.3112,34.1215,72.236,-1.2212
Air Force,MWC,5,101.0238,111.6342,.2399298,53.5105,53.1242,19.3244,16.8211,22.7327,34.9297,38.5114,35.6205,55.981,48.8129,34.1140,39.6333,63.1364,-3.3353
Holy Cross,Pat,6,103.2196,114.2362,.2379299,55.170,55.8302,16.3114,16.3233,26.5259,29.7180,30.0250,32.6158,49.0222,58.1309,41.418,35.2248,67.3311,-0.7165
Campbell   (A) 23 Ohio St.,CAA,5,98.4293,108.8281,.2377300,50.9166,54.8279,18.2193,22.249,24.5301,22.622,28.7274,36.1211,55.786,55.0257,30.3245,36.2282,67.9285,-1.3223
Pacific   (A) 56 Missouri,WCC,6,99.1275,110.0312,.2324301,47.2247,48.1120,19.1235,15.9251,28.1221,26.588,34.2180,39.8266,47.9241,56.3288,30.6238,23.09,70.989,-2.0285
Coastal Carolina   vs. 343 IU Indy,SB,4,98.2298,109.1291,.2299302,46.4258,45.161,16.8135,10.0360,25.2288,28.6144,31.9220,53.7349,44.9290,50.3174,32.5179,21.33,67.4305,-2.0286
Idaho St.,BSky,6,95.6337,106.2214,.2299303,42.7327,50.0177,19.1235,18.8141,38.626,25.258,32.8204,37.1234,45.3284,50.0162,26.0322,33.3190,66.1347,-1.9277
Southeast Missouri St.   vs. 153 UNC Asheville,OVC,5,97.3312,108.3265,.2261304,50.4176,50.0177,15.278,17.5184,20.3352,32.2252,22.1339,54.0350,51.0180,56.9296,33.0168,26.330,71.465,-1.8272
Army   (A) 326 Manhattan,Pat,5,98.4292,109.6298,.2257305,50.2178,52.1219,14.352,13.9311,27.8228,34.2286,30.0250,24.745,51.0180,53.7226,32.7173,33.3190,66.6335,-0.9180
Presbyterian   vs. 201 Youngstown St.,BSth,6,99.8262,111.1335,.2256306,51.6151,55.9305,19.7257,17.9175,31.0164,31.7239,35.9143,35.1196,50.3193,55.4266,36.390,37.8305,67.2315,-1.6251
South Carolina St.   (A) 337 Alabama A&M,MEAC,5,97.3309,108.4269,.2251307,39.7350,53.5253,18.6212,22.841,32.1134,39.4341,38.4118,40.4276,42.2322,54.5240,22.0358,34.4224,70.793,-2.1299
Stony Brook,CAA,5,98.8283,110.1314,.2240308,44.6300,60.2357,19.4249,13.3332,25.8276,37.0322,32.0216,29.5101,42.4320,65.1359,32.2194,35.3252,69.3186,-1.4235
San Diego   (H) 235 Southern Utah,WCC,4,96.1329,107.3239,.2203309,46.1266,49.4159,20.9298,20.970,31.1161,30.3199,33.9189,36.9226,49.0222,48.2120,27.1306,34.0213,72.333,-2.8337
Southern Indiana   (H) 227 South Dakota,OVC,5,97.7306,109.2292,.2175310,49.8192,53.4249,18.9225,16.3233,25.1290,28.0129,37.3127,53.4347,47.2256,53.2215,37.271,35.8269,68.7231,-3.0341
Sacred Heart,MAAC,7,99.1277,110.8330,.2160311,49.8192,55.9305,17.3152,18.1167,27.5236,28.4139,24.2327,39.9268,46.2276,55.3264,37.075,37.7302,70.2124,-3.5355
Hampton,CAA,5,98.3294,110.1315,.2151312,39.2352,53.5253,19.7257,18.6147,38.722,31.7239,27.0292,33.0165,36.5358,56.8294,29.0274,33.0183,68.4247,-2.0284
Tarleton St.,WAC,6,95.2341,106.5222,.2145313,43.9310,57.4337,33.0364,20.192,22.9325,44.3361,39.894,50.2342,38.8348,56.1278,37.959,39.4330,69.0201,-2.3312
Tennessee Tech,OVC,6,98.0301,109.7304,.2140314,52.4133,49.7169,17.8170,19.5113,20.4349,44.8362,24.6319,23.435,52.9141,51.9193,34.6133,30.6122,68.0279,-1.6250
Siena,MAAC,5,97.0318,108.6276,.2136315,47.1248,52.6228,20.7286,19.999,35.367,36.1311,39.1107,30.6119,44.7294,48.0117,34.3137,41.5350,67.0324,-0.8175
Denver,Sum,5,97.7305,109.4297,.2133316,47.5240,51.1197,26.6360,16.8211,31.7147,35.0298,40.485,39.1256,47.2256,58.5318,32.1197,24.618,71.846,-1.0193
Sacramento St.,BSky,4,96.4326,108.2262,.2093317,48.4221,46.179,24.9353,18.4149,27.6234,31.6235,23.6333,46.1318,54.2116,47.8114,29.2267,29.386,66.5338,-2.5326
Western Michigan,MAC,6,98.7286,110.9332,.2081318,43.4314,52.1219,13.228,13.8316,33.597,23.327,36.1137,32.0147,46.5271,52.5205,24.2340,34.4224,69.0206,-3.3352
Louisiana Monroe   (A) 335 Northwestern St.,SB,6,97.3310,109.4296,.2068319,42.3330,54.7277,20.9298,19.4116,27.0248,31.4228,30.0250,31.8144,43.0316,58.2311,27.5300,33.3190,69.3187,-2.8338
Niagara,MAAC,5,99.2273,111.7343,.2033320,51.6151,56.4317,18.2193,16.8211,20.9344,38.3331,32.4211,36.9226,45.0287,55.0257,38.746,39.3329,68.0278,-2.9339
Utah Tech   (A) 65 Utah,WAC,4,96.7321,108.9282,.2029321,38.6354,54.5273,12.820,19.0133,24.0309,40.0344,47.227,39.7262,44.1299,57.5305,21.7360,32.2162,71.654,-2.3311
Tennessee Martin   vs. 324 Le Moyne,OVC,5,94.7350,107.0233,.1965322,45.8274,48.8145,21.3311,17.5184,35.071,31.4228,28.6275,36.8225,47.7246,54.0232,29.2267,28.878,72.432,-2.1297
USC Upstate   (A) 199 East Tennessee St.,BSth,6,97.2314,109.9309,.1954323,51.0164,56.7324,20.8296,13.1336,29.6191,34.1284,29.8255,49.2337,52.4153,62.7352,32.7173,31.2137,71.369,-2.3314
Le Moyne   vs. 322 Tennessee Martin,NEC,5,98.8282,111.8344,.1954324,45.3282,56.7324,19.9263,15.6262,21.7336,41.9352,35.0161,39.7262,44.6295,60.9341,30.6238,33.3190,69.1199,-2.3315
Morgan St.   (A) 352 Buffalo,MEAC,6,98.5291,111.5338,.1938325,50.2178,52.0217,20.9298,18.9137,37.639,30.7211,33.1199,48.2334,54.4110,53.2215,22.4354,33.3190,72.334,-2.6331
Manhattan   (H) 305 Army,MAAC,4,97.0317,110.4320,.1847326,45.7276,50.0177,18.1183,14.4304,30.3173,34.7294,30.3247,22.832,43.1312,50.8180,33.3154,32.5169,69.6172,-1.1209
Stonehill,NEC,7,94.9344,108.0255,.1839327,46.2262,45.469,18.3199,19.5113,22.0331,34.5291,35.9143,40.7279,39.1347,44.160,36.196,31.8156,68.9208,-2.6329
Delaware St.,MEAC,5,94.7347,107.9250,.1833328,38.5355,55.3287,18.9225,20.484,27.1247,43.0355,34.7168,38.0245,40.0337,59.3328,20.0363,34.4224,70.0138,-1.8274
Bellarmine,ASun,5,98.7285,112.7352,.1796329,51.3160,57.8341,22.1326,16.1239,21.4341,29.9186,31.9220,32.0147,53.3136,55.6271,32.4189,40.7346,67.2314,-3.5357
Jackson St.   (A) 10 Kentucky,SWAC,5,96.0332,109.6301,.1788330,41.1344,63.6362,21.3311,16.5227,26.5259,27.3110,35.8146,25.251,39.8341,57.0299,29.0274,47.2363,70.4112,-2.0293
Dartmouth,Ivy,5,95.3340,109.0285,.1769331,44.9295,54.2265,18.1183,14.6296,22.2329,25.976,43.354,25.960,48.8226,55.8275,26.7314,34.6235,68.8224,-2.6333
Western Illinois,OVC,6,96.1331,109.8306,.1766332,47.7235,55.5290,16.5119,15.0279,28.8210,23.838,23.9330,33.6174,49.4213,58.1309,30.1248,34.3221,66.1346,-2.2306
Northern Illinois,MAC,5,94.8345,108.5270,.1758333,45.7276,52.1219,20.4275,21.463,21.2342,32.6264,34.5171,45.6317,45.0287,48.9132,31.0227,38.5314,69.2195,-2.2305
Loyola MD,Pat,5,95.7335,109.6300,.1729334,47.9231,49.6165,20.2271,16.9206,27.8228,33.8279,21.8342,29.6103,47.9241,49.7157,32.0200,33.0183,69.0203,-1.9280
Northwestern St.   (H) 319 Louisiana Monroe,Slnd,4,96.5324,110.6326,.1720335,48.5220,51.5205,20.7286,14.5301,29.4198,30.1191,30.2248,53.6348,44.1299,54.5240,37.763,31.3138,68.8221,-1.4239
Binghamton,AE,6,96.4325,111.0334,.1663336,50.2178,50.6189,23.4345,9.9362,24.1307,35.3304,29.1268,45.0313,48.9224,49.3141,35.0121,34.8242,67.7295,-2.4318
Alabama A&M   (H) 307 South Carolina St.,SWAC,5,94.1354,108.3264,.1658337,36.5362,57.1333,24.9353,23.526,34.090,45.5364,27.7285,65.2362,37.8353,58.9325,22.5353,35.9275,71.656,-1.2216
The Citadel,SC,6,94.5351,109.1288,.1616338,47.7235,47.5105,20.5281,15.0279,32.7116,26.486,24.4322,41.9291,55.491,52.2200,25.9324,23.812,68.1277,-2.5324
LIU,NEC,5,95.1343,110.0313,.1565339,48.2226,55.1283,17.8170,16.3233,27.9225,28.1131,30.7242,44.0308,47.3254,56.2286,33.3154,35.8269,70.4110,-1.9283
Detroit Mercy,Horz,5,95.4339,110.5321,.1556340,48.9214,50.9194,22.4331,16.8211,36.849,25.258,39.894,42.2293,42.5319,58.3313,41.023,28.672,68.2267,-1.3222
Fairleigh Dickinson   (H) 0 VTSU Randolph,NEC,6,97.9303,113.6361,.1520341,48.9214,56.8328,18.3199,13.1336,25.5282,38.1329,25.3310,31.3132,47.3254,60.1337,34.2139,34.4224,72.821,-1.8273
Lindenwood,OVC,6,96.7320,112.4349,.1512342,44.5301,56.4317,18.4203,19.2128,31.1161,31.7239,26.1303,30.6119,48.2238,53.9230,25.4328,39.4330,68.9214,-3.1345
IU Indy   vs. 302 Coastal Carolina,Horz,5,95.7336,111.9345,.1414343,45.1287,57.2336,19.2238,14.4304,27.4240,33.0269,32.6209,34.8193,37.3355,55.3264,34.8128,40.3343,69.7165,-1.5249
Texas A&M Commerce,Slnd,6,92.6360,108.6275,.1370344,46.2262,54.3267,24.3349,18.2159,27.2244,36.7318,28.8272,36.9226,50.8187,56.3288,26.8313,33.8208,70.698,-2.0287
New Hampshire,AE,8,93.5357,109.9307,.1358345,46.1266,53.9260,19.3244,13.2334,24.2305,35.5306,32.0216,33.6174,41.9324,55.5269,35.1116,34.4224,69.7168,-4.5363
Houston Christian   (H) 176 Rice,Slnd,4,96.2327,113.0356,.1358346,35.7364,64.5364,20.1270,12.6346,26.1268,24.144,16.4359,28.991,36.8357,66.7363,23.1349,40.5344,71.367,-0.47133
Alcorn St.   (A) 79 Washington,SWAC,5,97.3311,114.4363,.1338347,36.3363,61.5361,25.6359,15.8254,34.477,43.1357,27.5288,31.7143,34.7364,59.8332,27.3304,41.9354,66.7333,-2.9340
Chicago St.   (A) 213 Indiana St.,NEC,5,92.9359,109.3294,.1336348,38.8353,53.5253,20.4275,15.0279,21.0343,35.2303,28.1283,37.8242,36.0361,54.7248,28.9278,34.4224,71.084,-3.1346
Stetson   vs. 137 East Carolina,ASun,5,96.2328,113.2358,.1331349,50.9166,55.0282,20.9298,11.4356,26.9252,33.1270,30.8240,15.82,52.9141,52.3203,31.8206,39.8336,68.6239,-3.1348
New Orleans   (A) 141 Tulane,Slnd,5,94.7346,111.5339,.1329350,41.9338,52.8234,18.9225,22.348,30.8167,39.2338,31.3233,32.8162,41.3330,55.1260,28.8283,33.3190,71.943,-3.0342
Saint Francis,NEC,6,94.7349,111.6341,.1311351,46.0268,54.4270,23.1340,20.098,21.9333,34.1284,21.8342,34.7191,47.6251,62.8353,29.2267,29.386,69.5181,-1.9279
Buffalo   (H) 325 Morgan St.,MAC,5,95.6338,112.8354,.1299352,51.3160,51.1197,17.7165,12.9341,20.3352,32.1248,34.0186,28.385,53.4134,48.9132,32.4189,36.7291,71.559,-1.9275
West Georgia,ASun,5,93.9355,110.8331,.1293353,43.8311,59.6351,20.0267,15.7260,30.1177,29.3161,24.6319,32.2151,43.4308,66.0361,29.8254,34.6235,70.1134,-3.2350
Canisius,MAAC,6,96.1330,113.4360,.1288354,46.3260,58.1343,21.6316,13.0338,19.1357,37.0322,21.5345,30.6119,43.2310,63.7357,33.1167,32.9180,68.5243,-4.2362
Central Arkansas,ASun,5,93.3358,110.4319,.1269355,42.6328,53.3246,20.3273,15.4270,24.8299,33.5274,27.7285,27.474,47.5252,56.4291,25.0330,34.2218,70.3116,-2.6330
Maryland Eastern Shore,MEAC,7,95.1342,112.8353,.1242356,50.0185,55.3287,15.689,12.4350,23.5318,38.5333,37.1129,37.9243,48.6229,62.4349,35.1116,31.5146,68.6238,-3.7358
NJIT,AE,6,94.2352,112.1347,.1192357,45.5279,53.1242,20.7286,13.4327,25.9274,32.2252,21.2347,44.5310,44.0303,52.6206,31.9203,36.1280,67.0322,-4.8364
Mercyhurst,NEC,6,93.8356,112.1348,.1142358,46.2262,52.7232,16.9140,23.135,29.4198,40.3346,33.3193,40.1272,44.8292,54.9254,32.5179,32.4167,68.3259,-1.3227
Prairie View A&M,SWAC,5,94.7348,113.3359,.1131359,41.6340,54.1263,14.559,17.1201,26.6257,44.8362,36.0141,45.5316,41.1333,56.1278,28.3288,33.7206,73.410,-2.8335
Florida A&M   (H) 0 Trinity Baptist,SWAC,4,91.6361,110.7328,.1009360,42.1333,57.1333,22.9335,10.1359,26.1268,37.0322,39.894,33.0165,43.6306,59.6331,26.9310,35.9275,70.1135,-1.4237
Arkansas Pine Bluff,SWAC,6,94.1353,115.6364,.0858361,49.6199,60.7359,23.6346,13.0338,25.0293,42.5353,25.1312,33.2169,52.8145,67.2364,29.5260,35.6262,72.531,-2.7334
Coppin St.,MEAC,7,89.3362,110.8329,.0773362,38.5355,59.9355,20.7286,17.3191,26.1268,30.0188,28.5277,39.5260,39.9340,61.3343,23.6344,38.7321,68.9215,-4.0361
Mississippi Valley St.,SWAC,5,89.1363,112.9355,.0616363,36.7361,56.2312,28.6363,12.5348,22.0331,42.9354,23.2335,54.5351,38.4351,61.8346,21.2362,31.5146,68.3258,-1.2210
VMI   (A) 152 Davidson,SC,6,88.8364,112.6351,.0609364,44.4303,55.1283,16.6126,19.1131,28.4216,29.4164,31.7229,29.295,45.8280,61.9348,28.3288,32.5169,71.849,-1.1206
