TEAM,CONF,G,W,ADJOE,ADJDE,BARTHAG,EFG_O,EFG_D,TOR,TORD,ORB,DRB,FTR,FTRD,2P_O,2P_D,3P_O,3P_D,ADJ_T,WAB,POSTSEASON,SEED
Abilene Christian,Slnd,27,9,96.3,111.8,0.1529,50.5,54.6,19.2,19.2,24.5,27.6,40.3,46.5,48.4,54.2,36.3,36.9,68.4,-14.4,,
Air Force,MWC,30,12,98.1,105.4,0.306,48.0,51.8,18.8,19.4,24.3,28.1,39.6,37.2,47.0,51.3,33.4,34.9,67.9,-10.9,,
Akron,MAC,34,25,109.0,100.5,0.7187,52.7,46.8,15.5,16.7,28.5,30.4,30.6,32.4,48.0,47.5,38.2,30.1,68.3,-1.4,,
Alabama,SEC,33,18,105.4,96.3,0.7387,49.6,46.6,19.9,18.2,28.3,34.6,40.7,39.1,48.5,45.1,33.9,32.9,65.7,-0.6,,
Alabama A&M,SWAC,28,10,98.3,113.6,0.1599,46.6,50.5,17.6,17.0,31.6,31.7,38.4,39.5,49.0,51.7,28.4,32.1,66.2,-15.1,,
Alabama St.,SWAC,29,12,98.0,110.8,0.197,45.8,51.2,17.2,18.3,31.4,30.0,31.7,45.0,43.6,51.6,33.3,33.7,69.8,-13.1,,
Albany,AE,32,23,104.7,102.1,0.5703,50.7,48.7,18.4,18.7,34.8,25.6,43.3,27.2,51.8,50.2,32.3,30.9,67.3,-4.0,,
Alcorn St.,SWAC,28,13,96.8,111.5,0.1647,45.6,51.0,21.1,17.3,34.8,31.9,38.4,39.7,45.3,48.6,30.8,37.0,66.5,-11.5,,
American,Pat,31,12,91.4,106.8,0.1433,49.0,51.6,22.1,19.2,23.5,30.2,31.7,40.1,47.7,53.7,34.1,31.1,62.2,-14.1,,
Appalachian St.,SB,31,9,100.8,110.6,0.2554,47.2,51.2,21.0,15.9,33.0,32.3,39.1,39.8,43.1,48.8,35.6,38.6,71.3,-15.2,,
Arizona,P12,34,25,116.1,95.7,0.9022,53.6,46.2,18.2,16.0,35.0,24.9,43.8,29.3,52.2,45.7,38.1,31.6,69.1,3.4,R64,6.0
Arizona St.,P12,32,15,108.3,100.0,0.7131,48.1,52.0,17.1,18.3,31.5,27.8,37.8,38.1,46.6,51.4,33.6,35.4,68.9,-4.2,,
Arkansas,SEC,32,16,109.5,99.0,0.7602,49.7,49.8,15.3,19.6,30.9,30.1,37.6,42.9,46.1,47.7,39.7,35.9,71.0,-4.6,,
Arkansas Little Rock,SB,33,28,107.6,96.7,0.7732,51.9,45.9,15.6,21.0,26.7,29.5,31.5,38.3,48.9,45.7,38.2,30.9,63.8,2.1,R32,12.0
Arkansas Pine Bluff,SWAC,33,8,87.8,109.6,0.0719,45.0,49.2,23.8,20.2,27.7,37.4,30.1,53.7,44.7,49.6,30.3,32.3,65.8,-17.8,,
Arkansas St.,SB,29,9,99.1,107.4,0.2826,45.8,47.1,18.0,14.9,28.0,31.2,40.1,38.0,45.1,43.5,31.5,35.6,73.3,-13.9,,
Army,Pat,32,18,98.6,105.2,0.3222,49.7,49.4,18.5,16.4,31.0,26.8,31.7,32.0,49.3,48.2,33.4,34.9,73.3,-9.3,,
Auburn,SEC,31,11,100.4,102.4,0.4438,47.3,50.5,18.9,17.8,27.9,32.3,41.0,40.1,44.3,49.6,34.0,34.8,72.5,-8.3,,
Austin Peay,OVC,34,16,103.4,109.1,0.3501,51.3,53.8,20.2,18.6,31.9,30.0,47.0,31.3,51.0,53.3,34.7,36.4,70.5,-11.3,R64,16.0
Ball St.,MAC,34,20,102.1,102.1,0.4994,52.2,46.8,19.9,16.5,28.0,26.3,34.8,38.6,49.9,43.7,36.9,35.1,66.2,-8.3,,
Baylor,B12,33,21,119.3,99.2,0.8924,51.6,51.2,18.6,19.8,40.0,28.8,38.6,38.6,49.8,49.1,37.4,36.9,67.4,3.5,R64,5.0
Belmont,OVC,31,19,113.4,109.2,0.6073,58.6,50.8,19.3,16.5,26.4,30.9,34.5,37.1,62.6,49.5,36.4,35.4,72.7,-4.9,,
Bethune Cookman,MEAC,30,12,97.5,110.6,0.1889,47.1,49.7,18.5,18.0,32.0,35.7,31.0,34.5,47.4,48.4,31.1,34.6,67.8,-13.8,,
Binghamton,AE,30,8,89.3,102.1,0.1763,44.1,49.6,20.7,18.2,25.3,28.5,36.2,34.4,45.0,49.0,28.4,33.7,66.6,-17.3,,
Boise St.,MWC,30,18,108.2,99.7,0.719,51.7,52.0,16.4,20.2,27.2,25.5,40.9,36.8,53.7,50.9,32.6,36.0,70.3,-3.6,,
Boston College,ACC,32,7,95.0,99.1,0.382,47.5,52.4,20.0,19.5,21.8,28.6,25.9,37.0,46.9,50.0,32.3,38.2,67.8,-12.2,,
Boston University,Pat,33,18,101.7,107.4,0.3486,52.2,50.0,19.6,17.1,26.5,28.1,37.0,33.9,51.0,50.0,36.1,33.3,70.6,-10.0,,
Bowling Green,MAC,32,14,99.1,105.8,0.3201,48.9,50.9,18.5,17.1,28.1,28.4,40.2,35.9,47.2,47.3,35.4,37.9,69.3,-11.9,,
Bradley,MVC,31,4,86.1,100.9,0.1393,43.0,49.7,25.4,17.0,24.9,26.7,38.3,52.2,43.9,48.7,27.7,34.5,68.1,-17.7,,
Brown,Ivy,27,7,101.0,110.8,0.2578,50.2,50.8,18.8,16.0,25.6,31.3,36.9,36.4,47.8,48.5,35.9,36.6,71.6,-14.0,,
Bryant,NEC,30,7,93.3,113.1,0.098,47.3,51.5,19.9,16.0,26.2,33.5,26.9,31.6,46.9,53.1,32.0,32.7,68.2,-17.7,,
Bucknell,Pat,30,16,104.1,105.3,0.4695,52.1,49.5,18.7,17.9,29.7,28.4,43.9,41.3,51.2,47.6,35.8,35.2,72.2,-9.1,,
Buffalo,MAC,34,19,105.1,102.4,0.5746,49.6,49.8,18.8,17.7,31.8,28.7,41.6,37.8,49.0,48.8,33.7,34.3,72.9,-5.8,R64,14.0
Butler,BE,33,22,118.2,98.6,0.8899,52.6,49.7,14.5,18.6,32.2,27.5,39.3,35.8,49.9,49.1,39.3,33.8,69.2,2.0,R32,9.0
BYU,WCC,36,25,112.0,98.1,0.8223,52.9,48.3,15.8,17.8,31.2,25.2,35.3,31.9,50.2,47.0,38.4,33.7,74.4,-1.5,,
Cal Poly,BW,28,8,106.6,109.6,0.4223,48.0,53.2,15.1,15.9,30.1,28.3,35.2,40.2,44.9,50.0,35.4,40.0,67.3,-12.0,,
Cal St. Bakersfield,WAC,30,21,103.4,95.7,0.7106,49.3,45.2,18.2,21.5,34.1,29.7,38.0,42.1,48.5,42.8,34.3,33.4,68.4,-3.5,R64,15.0
Cal St. Fullerton,BW,28,8,101.4,108.4,0.3165,46.4,50.7,19.0,16.4,29.7,29.0,43.7,39.7,44.4,48.1,33.3,36.6,69.5,-13.7,,
Cal St. Northridge,BW,28,8,99.2,105.8,0.323,46.7,51.7,19.4,18.9,27.6,31.3,42.1,36.0,47.1,47.8,30.2,39.7,71.3,-13.4,,
California,P12,34,23,112.4,92.8,0.9006,52.2,44.3,17.7,14.1,32.4,25.3,41.7,37.5,51.1,41.5,36.3,34.7,68.8,2.2,R64,4.0
Campbell,BSth,27,9,99.6,113.1,0.1871,49.5,53.5,16.4,18.9,22.0,30.6,41.4,39.3,50.7,52.1,31.7,37.8,69.2,-15.1,,
Canisius,MAAC,33,14,106.6,113.3,0.3338,49.0,54.9,15.9,19.6,31.0,32.8,36.9,39.0,47.5,53.6,34.1,38.0,68.5,-13.7,,
Central Arkansas,Slnd,28,7,99.8,117.8,0.1291,49.9,53.8,19.7,15.8,31.3,29.8,41.9,38.7,47.4,51.5,37.2,38.7,72.9,-16.0,,
Central Connecticut,NEC,29,4,92.5,118.0,0.057,44.8,53.4,19.9,14.8,29.9,30.2,31.1,30.6,42.3,53.2,34.2,35.9,68.4,-21.9,,
Central Michigan,MAC,30,14,110.3,108.3,0.5524,51.7,51.0,13.6,15.9,26.5,31.5,30.0,35.2,50.8,50.7,35.2,34.4,67.4,-9.2,,
Charleston Southern,BSth,27,6,97.8,110.5,0.1959,50.0,54.0,17.9,16.1,24.7,26.9,27.4,37.7,49.4,52.6,33.8,37.4,69.2,-15.5,,
Charlotte,CUSA,33,14,103.4,108.2,0.3726,51.0,54.8,16.4,18.3,29.7,27.7,33.2,30.9,47.7,52.7,38.2,39.3,71.2,-12.7,,
Chattanooga,SC,33,27,105.6,100.8,0.6286,51.7,50.5,18.0,20.2,32.3,29.0,41.6,30.9,50.7,50.5,35.6,33.7,67.3,0.4,R64,12.0
Chicago St.,WAC,29,1,90.8,112.5,0.0786,42.6,54.5,20.4,19.0,29.5,33.4,28.1,43.6,40.9,51.8,30.1,38.7,70.4,-21.2,,
Cincinnati,Amer,33,22,110.0,93.5,0.866,49.3,45.6,16.3,20.3,36.7,30.6,33.2,27.0,47.7,41.3,34.8,35.7,66.0,0.3,R64,9.0
Clemson,ACC,31,17,112.1,98.0,0.8241,50.6,47.9,15.8,18.0,30.3,30.3,33.3,28.5,49.1,45.5,35.2,34.9,64.5,-2.4,,
Cleveland St.,Horz,30,7,90.3,101.4,0.2077,44.8,51.6,21.8,19.9,29.4,31.7,30.9,46.6,43.4,50.7,32.0,35.5,64.9,-15.9,,
Coastal Carolina,BSth,30,18,100.7,101.5,0.4796,49.5,46.3,18.8,15.3,30.6,29.0,35.7,31.7,49.1,46.2,33.4,30.9,67.5,-7.0,,
Colgate,Pat,29,12,102.5,111.9,0.2685,52.5,53.2,18.4,19.4,26.6,30.6,29.9,41.8,50.3,51.4,37.0,37.5,65.7,-12.3,,
College of Charleston,CAA,30,16,96.4,93.3,0.5922,47.4,48.1,19.5,21.6,30.4,26.9,32.8,43.1,45.6,48.2,34.0,32.0,65.0,-7.3,,
Colorado,P12,33,21,107.8,95.2,0.8072,48.4,46.8,18.8,15.4,34.8,24.8,40.5,35.7,43.9,44.3,38.6,35.3,69.9,0.7,R64,8.0
Colorado St.,MWC,32,16,111.3,109.1,0.5567,49.9,52.1,16.3,14.1,33.0,25.1,42.3,35.1,46.5,51.4,36.2,35.4,68.9,-8.5,,
Columbia,Ivy,33,23,111.8,105.9,0.6512,53.5,51.5,15.9,19.0,28.5,26.9,37.9,34.6,50.5,50.2,38.1,35.7,65.9,-4.3,,
Connecticut,Amer,36,25,110.5,93.4,0.8732,51.5,44.5,16.3,18.2,28.6,29.1,29.6,35.4,49.9,42.0,36.5,32.6,66.9,1.2,R32,9.0
Coppin St.,MEAC,29,7,95.3,111.8,0.1368,44.2,52.8,17.7,18.1,30.7,34.8,37.2,43.1,40.6,51.8,33.4,36.7,71.1,-16.2,,
Cornell,Ivy,27,9,96.7,107.6,0.2276,48.7,51.5,17.9,19.8,22.4,36.1,32.3,35.8,47.0,49.7,34.1,36.4,73.3,-11.6,,
Creighton,BE,35,20,112.8,96.3,0.8604,53.8,49.0,16.1,17.5,27.3,26.1,37.5,33.5,54.5,47.5,35.2,34.6,71.3,-1.8,,
Dartmouth,Ivy,27,9,98.9,103.5,0.3717,47.5,52.7,20.8,20.9,32.8,29.7,38.2,42.3,45.9,52.7,34.3,35.1,68.2,-12.4,,
Davidson,A10,32,19,113.0,106.0,0.6767,52.0,52.0,14.2,15.8,24.9,30.8,32.3,30.6,51.1,52.2,35.5,34.3,71.3,-2.1,,
Dayton,A10,33,25,105.5,92.6,0.8184,51.6,46.9,18.6,18.0,28.7,24.2,40.8,32.8,51.5,43.7,34.4,34.9,68.5,2.4,R64,7.0
Delaware,CAA,30,7,100.5,109.9,0.2635,45.3,51.8,17.7,13.5,29.6,28.0,42.2,31.9,43.7,51.4,32.5,34.8,68.1,-15.3,,
Delaware St.,MEAC,30,5,88.6,112.9,0.0578,44.8,51.6,21.1,19.9,27.2,38.8,29.1,41.3,42.4,52.8,32.4,33.3,67.1,-20.0,,
Denver,Sum,31,16,102.2,103.7,0.4573,55.7,52.0,20.8,22.7,20.0,31.0,36.6,43.3,54.3,49.9,38.3,37.2,62.0,-10.2,,
DePaul,BE,31,9,103.9,104.1,0.4935,49.4,51.4,21.5,17.8,30.7,29.9,36.5,44.8,48.6,49.2,34.3,36.4,68.1,-9.3,,
Detroit,Horz,29,14,109.8,110.8,0.474,52.0,53.6,17.8,17.2,32.5,29.4,40.5,46.5,50.6,53.7,36.5,35.6,74.5,-8.4,,
Drake,MVC,30,6,102.9,111.6,0.2819,50.7,51.9,20.5,14.6,25.5,27.8,33.6,30.5,47.2,49.6,38.2,37.7,66.3,-16.9,,
Drexel,CAA,30,6,98.8,105.7,0.3161,44.3,52.5,16.8,18.1,27.7,28.8,36.9,47.4,42.3,51.5,32.7,36.5,65.5,-16.4,,
Duke,ACC,36,25,121.2,98.9,0.9122,53.7,49.5,14.3,17.4,33.2,34.7,40.6,25.3,51.0,48.9,38.5,34.0,68.7,4.2,S16,4.0
Duquesne,A10,33,16,108.2,105.1,0.5851,53.9,49.4,18.9,15.6,27.9,28.4,33.6,38.6,53.1,42.8,36.6,40.2,73.6,-7.8,,
East Carolina,Amer,32,12,102.3,104.2,0.4472,49.0,51.2,19.4,18.4,28.8,32.3,34.6,26.8,47.8,52.2,33.9,33.1,68.0,-10.6,,
East Tennessee St.,SC,34,22,105.4,106.5,0.4713,53.0,50.5,18.1,17.8,28.3,30.6,34.9,39.8,50.4,50.1,38.3,34.1,70.2,-5.1,,
Eastern Illinois,OVC,28,11,99.3,108.5,0.2665,49.9,51.4,18.0,19.5,26.8,34.7,34.4,40.5,48.8,52.0,34.4,33.5,67.8,-12.3,,
Eastern Kentucky,OVC,30,14,105.7,109.2,0.4067,56.0,53.1,20.3,20.3,27.0,34.2,40.3,42.3,54.2,51.3,39.5,37.6,73.2,-10.5,,
Eastern Michigan,MAC,29,14,105.7,104.4,0.5343,48.8,50.6,17.4,20.9,31.1,36.9,43.5,42.9,49.5,47.6,31.5,36.8,71.2,-7.8,,
Eastern Washington,BSky,32,16,111.6,112.9,0.4674,56.4,54.0,16.1,15.9,26.7,29.2,35.9,37.9,55.4,53.3,38.4,37.4,69.4,-10.7,,
Elon,CAA,30,14,105.0,105.2,0.4927,51.8,50.3,17.7,15.8,27.2,29.8,30.4,33.4,52.5,49.1,33.9,35.3,72.4,-8.5,,
Evansville,MVC,33,24,105.7,97.3,0.7216,53.4,45.9,18.2,18.4,24.5,25.0,46.9,29.4,53.2,44.4,35.9,32.6,69.5,-1.4,,
Fairfield,MAAC,33,19,102.8,106.2,0.4057,51.3,49.6,17.6,18.9,24.8,34.1,32.6,34.1,50.0,49.1,35.4,33.7,72.4,-7.1,,
Fairleigh Dickinson,NEC,32,17,103.0,115.6,0.209,51.2,52.4,17.7,21.0,28.4,35.8,33.3,46.9,49.5,52.1,36.4,35.4,72.5,-9.9,R68,16.0
FIU,CUSA,30,11,102.2,107.3,0.3646,52.0,48.1,19.3,14.2,30.8,29.4,35.6,35.7,50.7,47.1,36.8,33.1,66.0,-14.6,,
Florida,SEC,36,21,110.0,93.2,0.8703,48.5,46.7,16.0,18.6,32.9,29.5,39.5,35.7,48.9,44.4,31.9,34.3,69.9,0.1,,
Florida A&M,MEAC,27,6,82.9,107.0,0.0506,44.8,50.3,22.5,20.3,25.4,31.2,42.5,38.5,44.4,50.4,30.4,33.3,70.4,-18.3,,
Florida Atlantic,CUSA,31,7,95.0,107.9,0.1885,46.7,50.0,17.6,16.6,23.1,32.9,32.3,37.7,44.2,49.0,34.1,35.4,68.4,-17.3,,
Florida Gulf Coast,ASun,31,17,102.9,102.4,0.5136,51.5,47.7,17.2,15.9,31.7,27.5,37.3,35.3,51.5,48.3,34.2,31.2,68.0,-8.4,R64,16.0
Florida St.,ACC,34,20,112.2,99.1,0.8069,51.8,50.9,18.0,18.9,32.8,28.3,37.8,36.7,52.1,48.9,34.1,36.2,72.7,0.1,,
Fordham,A10,30,16,101.8,100.4,0.5388,51.5,51.4,20.4,22.4,30.4,26.9,33.6,40.5,51.2,52.3,34.6,33.4,67.5,-6.0,,
Fresno St.,MWC,33,23,106.3,100.1,0.6646,48.4,48.8,15.1,21.0,30.0,29.7,37.7,46.4,47.0,48.4,34.4,33.0,69.8,-0.9,R64,14.0
Furman,SC,33,17,103.0,106.3,0.4094,51.5,50.8,20.5,19.2,32.1,28.8,43.3,38.0,54.2,49.9,31.9,35.0,65.9,-10.1,,
Gardner Webb,BSth,30,14,100.1,106.6,0.3269,47.7,51.4,18.6,18.8,31.6,29.3,34.9,39.7,46.0,51.1,33.5,34.7,70.1,-10.3,,
George Mason,A10,32,11,101.4,103.1,0.4507,45.1,48.4,18.6,10.2,33.5,22.8,34.4,30.0,45.7,46.0,29.2,35.3,68.6,-11.6,,
George Washington,A10,38,28,114.9,99.1,0.8454,50.8,48.7,16.5,17.5,34.4,27.9,39.1,27.0,48.4,48.2,37.1,33.0,67.2,-0.8,,
Georgetown,BE,33,15,111.3,98.0,0.8118,51.2,46.6,19.1,16.3,28.3,28.4,37.9,49.3,51.4,44.1,33.9,34.9,68.9,-4.2,,
Georgia,SEC,34,20,108.0,96.4,0.7881,48.1,45.5,19.2,15.6,32.4,29.8,43.5,41.1,44.8,42.8,36.8,33.1,67.9,-0.8,,
Georgia Southern,SB,29,12,103.9,108.0,0.3913,47.5,51.8,16.2,20.0,29.7,34.5,37.7,44.5,45.6,52.5,33.3,33.8,69.5,-11.4,,
Georgia St.,SB,28,14,99.7,99.8,0.4947,48.5,47.9,18.0,21.2,24.5,31.0,37.5,41.3,47.1,47.0,34.8,32.8,65.4,-8.6,,
Georgia Tech,ACC,36,21,113.9,98.2,0.845,49.8,49.1,16.7,14.6,37.5,27.2,31.7,31.7,48.4,49.5,35.7,32.0,67.8,0.0,,
Gonzaga,WCC,35,27,117.4,94.5,0.9238,55.2,44.8,17.1,15.1,32.1,26.0,34.4,28.1,54.3,44.4,37.8,30.3,68.2,2.1,S16,11.0
Grambling St.,SWAC,28,4,85.9,110.5,0.0523,43.8,50.8,21.7,20.0,24.9,32.5,44.2,41.4,45.3,51.5,27.4,33.1,66.9,-19.7,,
Grand Canyon,WAC,32,25,103.1,100.7,0.5683,49.8,48.1,16.9,19.1,32.0,27.3,41.5,35.1,48.3,48.4,35.6,31.7,69.5,-1.0,,
Green Bay,Horz,34,21,106.9,104.2,0.5729,49.8,51.5,15.8,21.1,30.9,32.0,42.2,35.8,48.5,50.0,35.0,36.3,77.3,-4.5,R64,14.0
Hampton,MEAC,31,20,98.2,107.5,0.2615,46.7,48.6,18.7,16.7,34.5,27.2,41.3,35.7,47.3,47.5,30.5,33.8,71.9,-6.3,R64,16.0
Hartford,AE,32,9,99.4,114.2,0.1685,49.1,53.3,16.3,18.5,18.9,35.8,33.2,41.1,45.6,54.0,35.4,34.7,70.2,-17.7,,
Harvard,Ivy,28,12,99.3,99.1,0.5035,51.8,46.6,21.5,16.8,29.6,28.4,31.5,33.5,48.1,46.4,39.2,31.3,66.9,-8.9,,
Hawaii,BW,32,26,106.9,95.0,0.7945,51.9,44.9,18.1,19.8,30.4,26.4,45.4,40.2,54.1,44.8,32.2,30.0,71.4,0.8,R32,13.0
High Point,BSth,29,18,109.2,109.5,0.4905,51.9,52.9,15.9,20.6,31.9,31.7,35.0,32.3,49.8,53.3,38.2,34.7,66.9,-5.7,,
Hofstra,CAA,33,23,110.1,102.9,0.6855,51.4,49.9,16.7,16.4,31.9,30.0,39.5,24.0,50.1,48.3,35.6,35.3,70.4,-1.6,,
Holy Cross,Pat,35,15,96.7,106.9,0.2398,47.9,53.2,16.8,19.6,23.1,29.6,36.1,33.4,47.2,52.8,32.6,35.7,64.6,-14.5,R64,16.0
Houston,Amer,32,22,116.2,104.6,0.7703,52.2,47.3,15.4,18.4,35.8,33.3,34.4,36.0,52.1,48.3,34.8,30.3,67.3,-1.2,,
Houston Baptist,Slnd,30,13,100.2,112.8,0.2027,50.5,50.9,21.1,16.7,29.6,31.9,44.9,36.7,49.3,49.1,35.5,36.3,71.1,-10.8,,
Howard,MEAC,30,10,92.2,108.8,0.1289,43.6,49.2,20.3,18.9,32.6,35.8,48.5,36.6,43.4,48.6,29.5,33.5,71.5,-16.1,,
Idaho,BSky,32,19,98.3,102.8,0.3743,48.7,49.5,22.7,18.9,34.4,25.3,44.6,41.7,46.1,48.1,36.3,34.3,66.7,-7.6,,
Idaho St.,BSky,29,14,98.4,107.8,0.2612,50.1,51.7,18.3,17.4,24.7,28.4,38.5,35.4,48.0,52.2,35.7,34.0,71.0,-10.9,,
Illinois,B10,34,15,105.5,102.0,0.5959,50.2,53.6,14.9,19.0,21.5,28.1,30.5,26.5,47.5,51.0,36.3,38.6,69.0,-7.2,,
Illinois Chicago,Horz,28,3,89.7,105.7,0.1308,41.5,49.3,21.1,15.7,31.9,30.7,43.2,39.6,40.3,46.6,30.4,36.4,72.2,-19.6,,
Illinois St.,MVC,31,17,103.3,98.0,0.646,47.7,48.4,18.5,20.5,30.0,28.2,30.9,38.4,46.2,48.7,33.3,31.9,68.3,-5.5,,
Incarnate Word,Slnd,25,14,99.6,110.7,0.2274,49.9,52.9,17.8,18.2,22.5,28.8,35.5,38.1,44.7,52.4,38.9,35.9,68.3,-6.3,,
Indiana,B10,35,27,121.3,98.4,0.9168,58.7,49.8,19.6,18.9,37.2,29.2,33.9,30.2,56.1,49.0,41.6,34.3,69.5,3.2,S16,5.0
Indiana St.,MVC,31,14,97.3,99.3,0.4422,44.7,47.2,18.6,17.8,27.3,25.8,41.5,43.9,44.7,46.5,29.9,32.4,71.2,-8.9,,
Iona,MAAC,33,22,109.1,102.1,0.6822,53.8,48.8,17.6,19.2,29.2,31.0,32.4,36.3,52.5,46.0,37.0,35.8,72.6,-3.6,R64,13.0
Iowa,B10,33,22,114.4,95.8,0.8853,51.3,48.0,14.8,18.8,31.9,31.3,33.0,25.0,48.7,48.7,37.4,31.3,69.8,2.0,R32,7.0
Iowa St.,B12,35,23,121.4,98.6,0.9162,57.1,49.8,15.7,16.8,26.2,30.1,26.1,24.9,56.7,49.5,38.7,33.5,72.3,3.6,S16,3.0
IPFW,Sum,32,22,110.4,108.4,0.5522,54.0,52.9,17.3,15.7,28.1,26.5,33.4,30.0,49.0,50.2,40.3,38.7,70.3,-2.7,,
IUPUI,Sum,31,12,97.8,102.1,0.3794,46.9,51.1,18.9,18.1,27.7,28.1,31.9,38.9,45.6,51.3,33.3,33.8,69.6,-11.0,,
Jackson St.,SWAC,34,18,94.1,101.1,0.3056,45.7,45.5,17.8,20.7,32.3,28.4,30.4,48.1,45.4,44.6,30.8,31.5,68.2,-10.7,,
Jacksonville,ASun,28,12,100.3,108.4,0.2895,49.7,53.6,15.4,17.4,27.0,26.1,31.4,33.5,45.0,52.7,38.9,36.6,71.3,-11.7,,
Jacksonville St.,OVC,29,7,96.9,108.7,0.2098,46.6,52.0,16.3,18.6,27.0,34.1,30.9,42.6,43.2,53.0,34.5,33.3,66.0,-18.0,,
James Madison,CAA,31,20,106.0,98.7,0.6935,51.6,45.5,17.2,15.4,29.5,27.0,37.0,37.0,50.9,47.3,35.0,28.7,67.7,-4.3,,
Kansas,B12,37,32,120.9,90.4,0.9662,55.7,45.1,17.8,18.5,32.2,27.9,38.6,37.3,52.7,43.4,41.3,32.5,70.1,11.6,E8,1.0
Kansas St.,B12,33,17,108.5,93.8,0.8431,47.6,49.0,20.3,20.8,37.0,31.0,42.5,40.4,48.7,50.4,30.0,31.0,67.6,-1.3,,
Kennesaw St.,ASun,29,9,100.7,107.9,0.3109,48.7,53.2,18.5,18.0,28.3,34.6,33.5,39.0,47.2,54.0,35.1,34.5,69.7,-13.0,,
Kent St.,MAC,31,18,105.4,106.8,0.4623,49.0,51.0,17.5,16.8,34.1,28.0,40.0,35.1,49.0,49.5,32.8,35.9,68.2,-7.0,,
Kentucky,SEC,36,27,123.2,95.1,0.9517,53.5,44.5,16.2,18.0,37.5,31.9,37.8,40.8,52.9,42.7,36.6,32.6,68.2,5.0,R32,4.0
La Salle,A10,30,8,99.2,105.3,0.3358,47.7,53.3,18.8,19.1,24.9,34.3,30.9,34.9,45.4,51.1,33.6,38.1,67.0,-12.6,,
Lafayette,Pat,30,6,99.0,114.4,0.1606,50.5,52.9,18.2,16.7,22.3,32.9,31.6,35.1,47.9,52.5,36.5,35.7,70.5,-19.4,,
Lamar,Slnd,26,7,95.3,112.8,0.1254,47.4,52.0,20.5,19.4,33.4,31.9,42.6,46.6,46.7,51.4,32.6,35.6,72.8,-15.9,,
Lehigh,Pat,31,16,104.1,105.0,0.4747,52.1,51.1,19.3,18.6,29.1,29.3,31.7,28.8,48.5,48.8,39.3,36.4,68.8,-9.6,,
Liberty,BSth,29,10,97.9,110.8,0.194,53.1,53.0,21.3,18.1,21.0,29.5,25.5,43.6,52.0,52.1,36.1,36.4,63.9,-14.0,,
Lipscomb,ASun,31,10,101.5,109.1,0.3032,51.5,52.9,18.6,17.7,26.9,30.2,34.7,35.8,50.5,51.1,35.2,37.0,73.9,-16.0,,
LIU Brooklyn,NEC,31,16,100.2,111.3,0.23,47.9,50.9,18.4,19.7,32.2,31.1,41.4,38.0,49.5,48.8,29.7,37.0,73.0,-12.5,,
Long Beach St.,BW,33,18,108.0,99.8,0.711,49.7,51.1,17.4,19.8,27.7,30.6,37.6,38.7,46.4,50.3,36.7,35.0,70.9,-3.0,,
Longwood,BSth,30,7,99.2,113.9,0.1695,50.7,54.1,20.5,17.3,29.6,28.1,34.3,36.4,49.8,51.6,34.9,38.2,70.0,-18.6,,
Louisiana Lafayette,SB,32,17,108.9,105.2,0.6003,48.8,49.9,17.5,16.5,37.7,26.4,42.2,35.5,49.9,47.0,31.1,37.8,71.3,-7.5,,
Louisiana Monroe,SB,32,18,106.9,102.2,0.6266,50.6,47.5,18.2,17.0,31.5,31.6,32.2,33.0,50.0,46.6,34.5,32.7,66.6,-6.3,,
Louisiana Tech,CUSA,31,21,102.7,102.8,0.4979,51.3,49.2,16.9,19.0,28.8,29.0,43.0,34.1,52.0,49.7,33.3,32.0,72.5,-4.3,,
Louisville,ACC,31,23,111.5,89.6,0.925,51.9,44.7,17.1,21.6,38.5,29.2,31.8,40.5,51.9,42.8,34.7,32.1,67.2,4.3,,
Loyola Chicago,MVC,31,14,100.3,100.2,0.5024,48.3,49.6,18.9,22.2,22.5,30.6,32.5,36.4,45.9,48.2,35.3,34.9,65.7,-9.3,,
Loyola Marymount,WCC,30,13,103.5,106.6,0.4174,47.5,53.5,16.2,20.2,28.9,31.7,28.4,42.7,45.7,51.6,33.9,37.7,68.4,-9.0,,
Loyola MD,Pat,30,9,100.7,111.1,0.2433,47.7,52.0,18.9,17.0,31.4,30.6,38.4,40.9,48.7,50.2,30.4,37.2,68.0,-16.2,,
LSU,SEC,33,19,111.8,100.5,0.7743,51.1,51.8,16.2,18.8,29.8,29.9,43.0,33.4,52.0,51.3,32.7,35.0,72.9,-1.8,,
Maine,AE,30,8,94.5,113.6,0.1081,49.2,55.5,20.8,21.0,27.9,32.3,32.0,38.0,48.3,55.6,33.9,36.9,77.8,-17.4,,
Manhattan,MAAC,31,13,98.4,105.5,0.3108,50.1,52.2,20.5,22.6,23.5,32.5,39.8,46.8,47.6,52.9,36.1,33.7,68.8,-12.6,,
Marist,MAAC,30,7,100.7,116.0,0.1641,49.4,53.6,17.3,16.9,24.3,32.0,35.9,36.6,48.1,51.6,34.2,38.2,68.9,-18.8,,
Marquette,BE,33,20,108.9,98.5,0.7601,52.0,48.7,20.0,19.0,28.1,30.7,40.5,28.0,52.4,47.2,33.9,34.3,71.3,-1.0,,
Marshall,CUSA,33,17,109.8,107.3,0.564,54.2,52.3,16.4,17.1,26.6,30.9,31.2,35.9,57.2,50.7,33.7,37.4,78.0,-8.7,,
Maryland,B10,35,26,114.9,96.3,0.8839,55.2,46.5,18.9,16.4,29.1,29.9,37.0,27.0,55.8,45.5,36.2,32.1,67.9,4.0,S16,5.0
Maryland Eastern Shore,MEAC,31,9,97.7,112.9,0.1604,49.2,53.0,23.0,18.8,31.4,29.7,37.3,49.5,49.5,53.0,32.4,35.3,68.3,-15.5,,
Massachusetts,A10,32,14,102.1,100.7,0.5394,49.1,48.3,17.5,17.1,25.9,30.4,36.5,40.2,48.8,49.0,33.0,31.3,71.6,-8.7,,
McNeese St.,Slnd,26,7,97.0,114.5,0.1298,46.7,52.3,17.7,16.1,28.1,33.0,36.2,37.7,44.9,50.8,33.2,37.3,69.3,-14.1,,
Memphis,Amer,34,19,105.9,96.4,0.7464,46.1,44.9,16.4,18.9,32.4,29.6,41.9,38.4,45.1,44.6,32.4,30.5,74.4,-5.6,,
Mercer,SC,32,16,104.3,107.3,0.4198,49.4,49.3,18.9,16.6,36.1,27.8,31.7,33.5,47.9,45.4,35.2,36.1,64.3,-10.5,,
Miami FL,ACC,35,27,119.4,96.5,0.9203,54.2,48.3,16.5,17.4,30.1,29.5,40.7,29.1,53.2,46.9,37.5,34.4,67.0,6.9,S16,3.0
Miami OH,MAC,32,12,96.4,103.6,0.3055,45.3,51.2,18.5,20.8,27.9,31.2,36.1,38.6,44.8,49.2,30.8,35.9,65.3,-13.4,,
Michigan,B10,35,22,113.4,99.4,0.82,54.5,51.4,14.5,17.9,24.8,26.4,27.8,27.0,52.6,51.1,38.0,34.7,66.3,0.8,R64,11.0
Michigan St.,B10,35,29,122.5,96.0,0.9428,56.3,43.3,17.6,14.2,37.1,24.3,30.0,34.1,51.4,41.7,43.4,31.0,67.6,7.2,R64,2.0
Middle Tennessee,CUSA,33,23,103.9,99.5,0.6224,51.7,49.4,17.1,19.4,28.7,25.7,34.9,42.4,47.8,48.0,39.2,34.7,68.5,-3.2,R32,15.0
Milwaukee,Horz,31,18,111.1,106.4,0.6222,52.8,51.4,15.8,15.6,27.1,25.6,38.3,29.6,51.9,48.7,35.9,38.3,67.1,-6.7,,
Minnesota,B10,31,8,99.6,102.9,0.4079,45.9,51.7,16.5,17.8,26.5,29.2,37.1,34.2,45.6,48.7,31.0,38.2,69.4,-12.8,,
Mississippi,SEC,32,20,111.0,100.6,0.7556,48.1,49.7,17.1,20.1,34.6,31.1,41.3,40.7,46.5,47.4,33.8,35.5,69.4,-1.4,,
Mississippi St.,SEC,31,14,108.7,99.1,0.7448,51.7,48.9,18.0,18.5,29.7,32.9,29.5,36.3,52.6,47.5,33.4,34.3,70.2,-6.2,,
Mississippi Valley St.,SWAC,35,8,90.2,111.0,0.0844,43.0,51.0,18.5,19.4,27.1,34.6,31.3,35.2,42.0,54.5,30.3,30.3,72.2,-21.6,,
Missouri,SEC,31,10,102.9,102.6,0.5088,47.2,49.0,18.0,16.0,26.8,29.8,39.6,40.8,47.6,48.0,31.0,33.6,68.9,-9.5,,
Missouri St.,MVC,31,12,100.1,104.8,0.3708,46.1,51.5,18.6,17.6,28.0,28.1,39.3,34.1,45.3,49.1,32.0,37.2,69.8,-10.6,,
Monmouth,MAAC,36,28,105.7,98.1,0.7016,49.9,46.1,16.5,20.1,28.6,30.7,38.4,37.2,47.2,45.3,36.6,31.4,73.6,-0.2,,
Montana,BSky,30,18,105.5,104.2,0.5345,53.4,49.5,18.3,18.7,28.4,24.9,36.8,45.3,51.8,49.5,37.3,33.0,66.1,-5.7,,
Montana St.,BSky,30,13,106.4,111.6,0.3654,50.8,53.9,17.3,16.9,33.0,27.5,30.7,46.3,47.2,53.4,37.2,36.5,69.3,-12.3,,
Morehead St.,OVC,35,21,105.0,103.2,0.5514,48.0,50.6,18.6,21.4,38.6,29.0,35.3,53.7,45.8,49.0,36.2,35.7,66.3,-6.4,,
Morgan St.,MEAC,30,8,93.9,107.1,0.1804,44.0,50.7,16.7,20.8,30.4,33.9,35.8,38.5,43.6,52.5,30.1,31.2,70.0,-17.4,,
Mount St. Mary's,NEC,33,14,92.1,100.9,0.2579,45.8,50.2,17.2,24.6,25.3,33.7,30.6,40.4,44.8,50.1,31.7,33.7,69.8,-13.9,,
Murray St.,OVC,29,15,106.8,105.1,0.5455,51.6,52.2,17.8,19.2,28.7,26.2,34.1,40.8,50.1,51.1,36.1,36.1,65.3,-9.0,,
Navy,Pat,32,18,98.8,102.2,0.4044,49.5,48.9,19.9,20.3,32.6,27.2,42.8,39.4,50.8,45.9,30.5,35.4,65.7,-10.0,,
Nebraska,B10,34,16,109.0,100.7,0.7133,50.3,50.1,17.4,19.7,31.8,28.1,32.6,39.7,49.4,47.5,34.7,36.7,68.2,-5.5,,
Nebraska Omaha,Sum,30,16,108.1,107.8,0.5084,51.9,53.1,16.6,20.3,28.1,31.6,42.6,38.5,52.6,52.7,33.6,35.9,77.2,-7.6,,
Nevada,MWC,36,22,100.8,97.7,0.5864,45.5,46.1,17.6,17.3,30.7,30.3,43.2,39.6,46.3,44.9,29.1,32.3,72.2,-5.1,,
New Hampshire,AE,31,18,98.7,104.5,0.3402,46.7,50.2,16.8,15.1,29.5,21.7,36.6,34.5,45.0,48.6,33.2,35.3,68.1,-7.6,,
New Mexico,MWC,32,17,108.2,101.3,0.6809,52.0,48.5,21.0,17.0,30.5,28.6,43.9,37.1,51.0,48.4,36.3,32.5,71.8,-6.8,,
New Mexico St.,WAC,32,21,101.3,95.9,0.6525,50.2,44.8,20.2,16.2,36.0,25.1,36.9,28.4,50.7,42.3,32.5,33.5,66.4,-4.1,,
New Orleans,Slnd,27,7,95.3,111.8,0.1371,45.1,52.9,19.7,21.4,34.8,33.5,43.2,43.0,43.8,51.5,32.5,37.0,72.7,-16.5,,
Niagara,MAAC,32,7,92.8,107.3,0.1578,44.9,49.0,21.1,16.9,32.8,31.3,34.0,35.5,46.2,46.4,28.2,35.7,66.8,-19.4,,
Nicholls St.,Slnd,31,8,91.2,107.2,0.1355,47.1,50.8,22.0,18.2,25.0,34.5,40.4,39.7,47.7,49.3,30.9,35.9,69.8,-16.7,,
NJIT,ASun,34,19,100.7,104.6,0.3919,51.8,51.3,18.2,19.2,26.8,31.1,33.7,35.7,51.1,50.6,35.1,34.9,69.9,-8.8,,
Norfolk St.,MEAC,32,15,103.4,112.0,0.2859,48.7,50.2,17.7,19.1,32.2,34.3,41.5,41.9,46.7,46.1,34.7,38.0,68.4,-11.0,,
North Carolina,ACC,40,33,123.3,94.9,0.9531,52.6,48.1,15.4,18.2,40.7,30.0,32.3,30.4,53.9,44.6,32.7,36.2,71.7,8.6,2ND,1.0
North Carolina A&T,MEAC,31,10,95.1,114.3,0.1082,45.8,51.3,19.5,18.2,29.8,31.5,37.0,48.5,44.8,51.7,31.8,33.8,68.7,-16.8,,
North Carolina Central,MEAC,29,10,97.5,111.3,0.179,47.7,50.0,20.4,18.5,33.9,31.1,38.7,37.9,46.3,49.3,33.9,34.0,66.6,-15.6,,
North Carolina St.,ACC,33,16,113.6,102.9,0.7561,48.5,50.6,16.1,15.0,36.3,30.4,38.9,29.7,46.9,47.5,34.8,37.4,68.5,-4.0,,
North Dakota,BSky,30,14,99.4,101.4,0.4438,50.6,51.2,18.1,19.6,23.8,25.9,39.3,38.6,48.7,51.0,36.7,34.4,72.4,-10.5,,
North Dakota St.,Sum,31,18,100.1,99.8,0.5098,49.9,47.7,16.2,16.9,25.6,26.2,33.9,31.8,49.1,47.2,34.1,32.4,65.4,-7.2,,
North Florida,ASun,31,19,113.5,113.1,0.5103,57.9,51.8,15.3,14.4,24.1,33.4,28.7,27.1,54.7,51.8,40.9,34.6,71.3,-5.1,,
North Texas,CUSA,30,10,100.5,111.4,0.2333,49.3,53.3,19.5,17.2,30.3,31.2,44.1,42.5,49.8,52.7,32.2,36.2,70.7,-14.7,,
Northeastern,CAA,32,17,106.2,102.3,0.6055,51.7,51.7,18.2,17.2,25.9,28.8,38.7,27.9,48.5,52.0,37.2,33.9,66.2,-7.0,,
Northern Arizona,BSky,28,3,92.6,112.9,0.0926,45.2,56.2,18.1,17.5,22.3,29.6,36.1,34.3,42.3,53.9,33.4,39.9,71.2,-18.8,,
Northern Colorado,BSky,29,8,101.0,117.3,0.1513,50.7,55.9,19.9,17.7,29.2,29.8,43.4,48.4,48.8,54.4,36.4,38.8,69.6,-16.0,,
Northern Illinois,MAC,30,17,100.5,100.8,0.4918,47.8,49.0,18.5,19.9,32.1,27.7,41.7,41.3,44.8,46.4,35.6,35.2,68.6,-6.7,,
Northern Iowa,MVC,35,22,109.7,96.7,0.8109,53.2,48.7,15.2,18.5,17.7,27.4,34.1,24.8,51.3,48.9,37.2,32.4,63.7,-2.1,R32,11.0
Northern Kentucky,Horz,28,7,99.4,107.8,0.2828,50.3,50.2,19.7,16.1,26.5,29.4,31.2,42.6,48.6,47.9,35.3,36.8,68.2,-14.0,,
Northwestern,B10,32,20,109.8,99.2,0.7618,52.5,46.5,15.8,16.4,30.5,28.3,28.4,35.0,51.6,43.4,35.8,34.5,64.5,-2.0,,
Northwestern St.,Slnd,24,5,100.8,118.2,0.1378,50.2,55.1,19.5,18.6,27.3,38.6,35.2,36.1,49.5,54.8,34.3,37.1,74.2,-14.4,,
Notre Dame,ACC,36,24,118.3,103.3,0.8269,54.0,49.5,15.3,14.8,32.7,32.1,32.9,26.0,52.9,46.5,37.4,36.9,65.5,2.3,E8,6.0
Oakland,Horz,35,23,114.6,106.2,0.7053,53.1,49.6,15.2,16.5,31.2,29.5,41.8,32.1,49.3,48.1,39.8,34.9,74.5,-3.4,,
Ohio,MAC,34,22,110.1,106.5,0.5952,54.2,49.6,16.9,14.5,24.9,25.8,37.4,33.5,52.3,47.1,38.2,36.4,70.7,-5.3,,
Ohio St.,B10,35,21,105.6,96.7,0.735,49.4,46.6,18.8,17.1,30.2,29.1,36.0,30.4,49.0,44.5,33.4,33.4,68.5,-1.1,,
Oklahoma,B12,37,29,118.2,94.1,0.9326,54.3,47.2,18.3,17.7,31.2,30.5,33.0,28.3,48.2,45.3,42.2,33.7,70.8,8.0,F4,2.0
Oklahoma St.,B12,32,10,105.7,97.0,0.7298,48.3,47.1,19.1,17.5,28.8,32.3,38.3,40.9,47.8,44.7,32.8,34.2,65.1,-6.7,,
Old Dominion,CUSA,38,25,105.5,97.9,0.7012,47.9,45.5,14.4,17.2,36.6,27.1,31.0,35.8,48.7,44.4,30.1,31.5,62.2,-6.5,,
Oral Roberts,Sum,29,12,106.4,107.0,0.485,50.5,52.1,17.3,15.9,28.1,30.0,36.6,33.0,48.0,50.2,38.0,37.4,69.8,-9.4,,
Oregon,P12,37,30,118.4,96.2,0.9163,52.3,48.9,16.1,20.2,34.1,30.5,40.3,32.0,52.6,46.1,34.4,36.2,69.0,6.7,E8,1.0
Oregon St.,P12,31,18,109.9,98.1,0.788,49.8,49.5,16.6,19.5,29.0,32.2,36.8,39.3,46.9,50.0,37.4,32.4,68.0,0.3,R64,7.0
Pacific,WCC,26,6,99.9,103.8,0.3924,49.0,50.1,19.8,16.5,28.5,29.6,38.4,49.3,49.3,47.2,32.2,36.6,67.6,-12.7,,
Penn,Ivy,27,10,98.4,107.1,0.273,49.0,49.8,19.4,16.7,27.9,30.5,31.9,33.5,51.3,48.7,30.4,34.8,68.6,-10.9,,
Penn St.,B10,32,16,101.3,99.7,0.5465,46.6,48.8,16.9,17.6,28.7,29.4,34.5,42.5,45.9,45.5,31.7,36.6,67.0,-4.8,,
Pepperdine,WCC,31,17,105.6,102.7,0.5793,49.0,49.8,16.0,16.1,30.3,29.8,41.1,31.4,48.3,50.2,34.0,32.6,68.4,-5.0,,
Pittsburgh,ACC,32,20,113.9,96.9,0.8659,51.1,50.0,17.5,16.9,36.9,27.5,36.1,32.4,50.4,48.4,35.0,35.4,66.3,1.8,R64,10.0
Portland,WCC,31,11,107.6,109.2,0.4588,49.9,52.4,16.8,18.4,30.7,34.2,31.4,41.4,47.0,49.4,36.3,38.5,72.8,-12.3,,
Portland St.,BSky,29,11,102.0,109.5,0.307,51.2,53.3,17.4,19.1,28.7,30.7,33.9,32.8,52.7,51.4,31.5,38.3,72.8,-13.9,,
Prairie View A&M,SWAC,31,7,88.3,107.1,0.0987,41.8,50.7,21.8,23.4,30.7,36.3,36.4,47.4,42.1,53.0,27.3,30.6,69.7,-18.3,,
Presbyterian,BSth,28,8,93.0,110.1,0.1254,47.3,52.5,21.0,19.0,26.0,31.4,34.8,38.8,47.7,53.3,30.8,34.2,68.4,-15.8,,
Princeton,Ivy,28,21,112.2,99.9,0.791,54.2,49.2,16.2,18.2,28.0,26.3,33.9,31.1,52.0,47.6,38.1,35.4,69.5,-0.1,,
Providence,BE,35,24,108.7,95.4,0.8193,48.0,49.3,16.1,20.6,30.4,30.3,37.3,28.0,48.0,49.8,32.1,32.3,69.3,3.4,R32,9.0
Purdue,B10,35,26,117.2,93.4,0.9316,53.6,44.3,17.7,13.7,35.0,23.4,35.4,28.1,52.8,42.9,36.7,31.4,68.9,4.4,R64,5.0
Quinnipiac,MAAC,30,9,91.5,102.3,0.2167,42.8,46.5,21.7,17.4,38.4,29.3,28.0,40.1,38.3,46.5,34.1,31.0,69.6,-16.7,,
Radford,BSth,29,14,102.0,109.0,0.3182,50.2,51.3,19.3,17.0,34.4,30.1,29.0,34.3,49.5,51.6,34.4,33.8,66.8,-10.0,,
Rhode Island,A10,32,17,107.6,98.3,0.7403,50.4,47.6,17.5,18.8,30.6,26.3,37.6,39.6,48.3,46.6,36.5,33.3,65.7,-5.9,,
Rice,CUSA,30,10,104.7,115.6,0.2413,51.2,56.2,17.9,18.4,26.7,32.2,41.5,36.7,53.4,52.7,31.9,41.8,70.7,-14.8,,
Richmond,A10,32,16,112.6,104.0,0.7136,54.7,50.9,14.7,18.2,23.2,31.7,35.2,36.1,55.4,49.4,35.6,36.0,69.2,-5.5,,
Rider,MAAC,33,13,98.1,103.6,0.347,48.3,47.8,19.2,18.2,28.6,29.4,35.4,32.4,48.9,45.7,31.5,34.0,65.3,-14.1,,
Robert Morris,NEC,32,10,90.4,104.9,0.1545,46.6,49.4,20.4,22.0,26.1,34.7,35.5,32.9,49.6,48.9,27.6,33.5,69.1,-17.3,,
Rutgers,B10,31,6,97.5,106.7,0.261,45.8,52.0,18.9,16.1,25.3,35.9,34.5,29.7,44.9,49.9,32.2,37.4,71.4,-14.0,,
Sacramento St.,BSky,29,12,96.8,108.1,0.2178,49.3,50.1,16.7,17.6,26.3,31.2,34.9,37.9,49.2,50.9,33.1,32.5,69.3,-12.9,,
Sacred Heart,NEC,30,12,98.0,112.1,0.1772,48.4,51.1,20.2,18.0,33.4,32.4,38.7,39.4,49.2,49.6,31.1,35.9,72.2,-13.8,,
Saint Joseph's,A10,36,28,114.2,97.6,0.86,51.2,48.1,14.3,16.1,28.3,25.8,37.4,25.0,52.3,49.2,32.7,31.1,70.9,3.4,R32,8.0
Saint Louis,A10,32,11,96.4,100.2,0.3913,47.7,50.0,19.5,18.5,20.7,27.9,37.8,39.3,46.9,50.5,32.8,32.8,69.6,-11.6,,
Saint Mary's,WCC,34,28,117.6,98.6,0.883,58.4,46.2,15.4,15.5,29.8,26.7,29.0,24.1,56.4,44.8,41.0,32.7,62.5,2.0,,
Saint Peter's,MAAC,30,14,95.1,101.3,0.3266,47.7,47.8,19.5,17.7,30.4,26.3,35.1,31.7,47.0,45.7,32.7,34.1,65.7,-10.7,,
Sam Houston St.,Slnd,30,15,101.1,107.4,0.3323,49.3,51.9,16.9,18.7,28.8,23.7,36.6,44.8,48.0,50.9,34.1,35.6,67.8,-8.9,,
Samford,SC,31,11,101.1,108.1,0.3177,50.1,51.4,19.6,20.9,29.4,32.5,44.7,42.9,51.0,48.9,31.9,37.0,68.9,-14.8,,
San Diego,WCC,29,8,92.8,101.0,0.2743,45.2,50.0,20.6,17.4,26.0,28.8,33.9,42.1,46.1,48.1,29.2,36.2,67.0,-13.5,,
San Diego St.,MWC,36,26,104.0,90.3,0.8366,47.2,42.5,18.4,18.0,33.9,27.2,42.5,31.3,46.3,41.6,32.6,29.4,65.9,0.1,,
San Francisco,WCC,29,14,105.5,109.6,0.3908,50.0,51.7,17.8,16.0,33.4,30.2,39.1,35.8,48.5,47.8,35.1,38.6,71.1,-8.4,,
San Jose St.,MWC,28,6,96.3,102.4,0.329,46.8,49.6,19.2,17.2,27.1,29.7,38.5,47.5,48.2,47.9,29.8,35.4,70.6,-15.4,,
Santa Clara,WCC,30,10,101.1,107.2,0.3383,47.9,50.8,16.9,16.7,24.4,30.0,33.8,36.8,45.2,50.4,34.8,34.4,66.5,-11.9,,
Savannah St.,MEAC,30,14,86.8,102.5,0.1279,45.1,49.5,21.9,22.2,25.8,30.8,39.8,41.0,44.2,48.6,31.1,34.2,67.1,-11.2,,
Seattle,WAC,30,13,94.0,104.9,0.2194,47.5,49.1,23.1,18.9,32.5,31.3,36.0,34.9,44.7,47.7,35.5,33.9,66.7,-11.2,,
Seton Hall,BE,34,25,110.8,91.4,0.9014,49.8,45.4,19.4,19.5,34.7,30.8,40.4,33.8,48.8,44.3,34.7,31.7,70.4,5.3,R64,6.0
Siena,MAAC,34,21,106.8,104.0,0.5747,52.0,47.2,22.2,17.3,39.1,30.0,40.8,38.4,50.7,46.7,36.8,32.1,71.1,-6.4,,
SIU Edwardsville,OVC,28,6,94.6,108.3,0.1733,44.8,51.8,19.7,17.6,32.4,29.3,36.9,43.9,44.4,50.0,30.4,37.2,67.3,-16.7,,
SMU,Amer,30,25,117.2,97.1,0.8974,55.3,46.6,18.8,18.3,41.2,28.5,33.8,30.4,52.5,44.6,42.0,33.1,66.6,3.6,,
South Alabama,SB,31,12,95.1,103.1,0.2814,46.1,48.4,20.6,18.0,30.5,32.5,38.3,38.7,45.1,48.4,31.9,32.2,70.6,-12.6,,
South Carolina,SEC,33,24,108.1,95.3,0.809,48.5,47.4,18.9,20.5,37.5,29.5,43.2,38.2,46.6,42.9,35.4,35.8,71.2,1.8,,
South Carolina St.,MEAC,32,17,101.8,112.6,0.2391,49.8,50.7,17.0,17.5,29.1,31.4,34.8,38.7,49.6,49.9,33.6,34.6,68.5,-9.5,,
South Dakota,Sum,30,12,104.7,109.9,0.3625,51.7,54.2,16.4,19.0,25.0,30.2,30.1,40.9,50.5,50.9,36.4,39.8,71.5,-11.6,,
South Dakota St.,Sum,32,24,110.5,101.1,0.737,51.3,48.0,17.1,17.2,32.4,25.5,40.2,40.2,49.7,47.1,36.1,33.3,69.2,-1.2,R64,12.0
South Florida,Amer,33,8,97.6,103.8,0.3312,45.4,47.2,21.9,14.3,34.6,32.5,33.0,35.6,46.2,46.9,28.6,31.9,67.7,-14.8,,
Southeast Missouri St.,OVC,27,3,91.0,108.9,0.1126,44.1,54.0,19.8,18.5,28.5,29.6,35.7,31.9,44.6,55.3,28.8,34.7,71.9,-19.2,,
Southeastern Louisiana,Slnd,31,10,96.2,112.1,0.1468,51.1,52.1,21.5,19.1,29.4,33.6,37.0,41.9,49.1,49.5,36.5,37.5,69.0,-15.8,,
Southern,SWAC,32,19,98.9,106.2,0.3065,48.5,47.9,16.3,19.6,28.1,31.2,38.1,39.9,47.6,47.7,33.8,32.2,69.5,-8.1,R68,16.0
Southern Illinois,MVC,32,22,105.0,102.5,0.5679,51.1,50.9,19.4,21.3,31.7,25.6,39.3,44.9,51.0,52.6,34.3,31.8,70.5,-3.3,,
Southern Miss,CUSA,27,7,94.6,109.5,0.1566,49.4,51.6,20.3,17.7,23.3,29.4,36.1,38.9,45.2,50.2,35.9,35.5,64.1,-15.9,,
Southern Utah,BSky,28,4,97.3,117.8,0.1001,49.3,57.7,18.8,17.4,23.9,31.2,35.4,45.0,46.5,55.0,36.4,42.2,68.8,-18.6,,
St. Bonaventure,A10,31,22,113.2,104.4,0.7173,51.5,49.6,16.5,19.0,31.3,33.4,37.5,37.4,48.8,50.5,37.3,32.1,68.9,-0.1,,
St. Francis NY,NEC,31,14,92.3,104.9,0.1859,45.9,46.6,20.4,18.6,32.2,30.2,36.1,34.9,46.2,45.6,30.3,33.1,66.4,-13.7,,
St. Francis PA,NEC,29,12,99.6,113.2,0.1867,48.3,50.8,18.5,16.4,31.5,30.8,38.5,29.9,45.3,52.3,35.8,32.1,67.0,-13.5,,
St. John's,BE,31,7,96.3,100.6,0.3775,45.4,51.1,20.9,20.1,27.5,30.9,38.0,43.3,44.1,49.1,32.0,36.6,72.9,-11.2,,
Stanford,P12,29,14,106.7,99.9,0.68,47.5,52.0,17.5,19.8,30.8,32.1,45.3,39.9,47.4,49.9,31.8,36.9,66.7,-2.6,,
Stephen F. Austin,Slnd,30,24,110.3,96.5,0.8235,54.8,49.5,17.7,25.9,33.5,30.7,34.3,40.2,54.5,49.7,36.9,32.8,68.2,-1.2,R32,14.0
Stetson,ASun,30,8,103.0,113.7,0.2436,51.2,54.5,16.8,15.7,25.2,32.9,33.8,30.8,49.4,54.7,36.2,35.9,71.4,-16.6,,
Stony Brook,AE,31,24,104.6,99.2,0.648,52.2,47.6,17.3,18.4,34.8,26.0,32.2,27.6,50.7,45.8,37.2,34.1,67.8,-1.1,R64,13.0
Syracuse,ACC,37,23,111.9,93.6,0.8857,50.0,47.3,18.1,20.4,33.5,35.3,35.4,28.0,47.2,48.1,36.0,30.7,65.5,-0.3,F4,10.0
TCU,B12,33,12,100.1,97.0,0.5873,45.7,50.9,20.7,21.1,29.3,31.5,45.6,41.4,43.7,50.2,33.5,34.8,70.3,-6.7,,
Temple,Amer,33,21,106.3,97.4,0.7318,47.0,46.4,13.8,16.2,29.1,29.7,26.6,28.7,44.9,46.3,33.7,31.2,66.5,-0.1,R64,10.0
Tennessee,SEC,34,15,110.5,102.0,0.7154,48.0,48.5,15.8,17.3,32.1,34.5,34.1,37.3,47.4,47.1,32.7,34.2,70.0,-5.8,,
Tennessee Martin,OVC,33,18,103.3,108.7,0.3569,50.5,50.8,18.2,17.0,29.5,29.4,35.6,30.0,49.8,50.8,34.4,33.8,67.5,-9.0,,
Tennessee St.,OVC,29,18,99.8,100.0,0.4932,50.4,49.5,19.2,21.6,31.4,29.0,41.5,42.7,50.0,45.4,34.1,36.8,68.8,-6.0,,
Tennessee Tech,OVC,29,17,106.6,111.2,0.3807,52.4,50.6,17.8,16.0,27.6,31.9,44.0,32.8,51.3,48.5,35.9,36.4,70.1,-6.0,,
Texas,B12,33,20,112.2,95.6,0.8627,49.4,47.7,15.4,18.5,30.7,32.0,39.5,38.4,48.5,45.8,34.1,34.5,66.3,3.2,R64,6.0
Texas A&M,SEC,37,28,113.0,92.2,0.9126,51.2,47.4,17.4,20.7,34.8,29.2,38.1,32.3,51.3,45.6,34.1,33.3,68.4,5.2,S16,3.0
Texas A&M Corpus Chris,Slnd,31,23,100.7,103.4,0.4251,49.2,48.9,17.7,22.5,30.9,33.2,37.7,44.5,48.2,46.6,34.1,35.2,69.3,-1.9,,
Texas Southern,SWAC,33,18,105.0,108.7,0.4028,51.8,49.2,19.3,15.8,35.3,28.4,41.5,24.6,52.3,48.7,33.8,33.5,68.4,-7.7,,
Texas St.,SB,29,13,98.5,102.9,0.3769,46.6,49.6,17.8,20.8,29.8,30.6,37.7,35.6,46.0,47.9,32.1,35.1,64.2,-11.1,,
Texas Tech,B12,32,19,113.1,98.9,0.8227,50.0,49.6,17.8,19.0,31.3,32.3,42.2,32.9,49.2,47.2,34.6,35.6,67.2,1.3,R64,8.0
The Citadel,SC,29,7,100.9,117.3,0.1504,48.8,57.6,16.9,19.3,26.7,35.8,31.1,44.4,50.1,59.8,31.7,35.2,81.9,-17.8,,
Toledo,MAC,31,16,107.9,102.9,0.6338,52.7,51.0,16.6,17.3,27.9,24.6,34.3,28.8,51.7,46.6,36.3,38.9,70.0,-9.8,,
Towson,CAA,31,18,104.5,103.2,0.5364,46.9,48.4,17.9,17.7,38.3,27.3,45.1,41.0,46.3,46.2,32.1,35.2,66.6,-6.2,,
Troy,SB,29,8,97.8,106.6,0.2705,45.7,51.1,16.7,17.8,29.4,31.5,37.2,35.8,44.8,49.5,31.5,36.0,69.4,-15.3,,
Tulane,Amer,34,13,96.8,99.9,0.4118,45.4,48.4,19.5,18.4,32.1,29.8,31.3,36.2,45.5,46.4,30.1,35.2,68.5,-11.1,,
Tulsa,Amer,32,20,109.5,99.6,0.7486,50.3,48.2,15.6,20.4,28.0,30.5,39.6,34.6,51.1,45.0,32.6,35.9,69.4,-1.2,R68,11.0
UAB,CUSA,32,25,108.1,103.8,0.6163,53.6,48.6,17.8,18.0,32.4,30.4,33.4,29.8,52.6,48.1,37.0,33.1,69.0,-1.0,,
UC Davis,BW,28,9,93.0,98.8,0.3345,47.9,48.3,20.7,19.7,25.0,28.4,33.6,31.8,45.5,48.7,35.9,31.7,66.9,-12.9,,
UC Irvine,BW,36,26,105.5,96.7,0.7317,51.1,44.6,18.2,17.4,29.1,28.2,35.1,34.7,49.3,41.6,36.7,33.2,68.1,-0.8,,
UC Riverside,BW,31,12,99.6,104.6,0.3652,48.9,49.1,19.7,17.2,28.4,28.1,36.8,38.3,47.0,47.6,34.5,34.8,68.0,-13.2,,
UC Santa Barbara,BW,32,18,106.3,97.9,0.7195,50.3,46.7,18.5,17.5,28.8,27.9,27.4,41.8,48.4,47.8,35.8,30.0,67.6,-4.8,,
UCF,Amer,30,12,99.9,102.1,0.4376,49.2,47.1,21.3,13.4,31.3,30.5,37.2,25.1,50.1,46.4,31.8,32.3,68.6,-10.1,,
UCLA,P12,32,15,111.6,99.7,0.7843,50.3,49.7,16.9,16.1,32.8,30.4,32.3,33.9,48.8,47.6,36.3,35.4,70.4,-3.9,,
UMass Lowell,AE,28,10,99.4,115.0,0.1581,53.6,54.5,21.3,19.2,25.1,32.9,33.2,38.4,53.2,53.9,36.2,37.1,73.7,-13.2,,
UMBC,AE,32,7,98.6,117.3,0.1193,50.1,56.6,17.4,19.4,24.9,28.9,42.2,38.8,50.4,56.4,33.1,38.0,70.1,-20.5,,
UMKC,WAC,28,9,101.9,110.6,0.2797,48.8,50.3,19.4,17.2,32.7,31.2,35.3,44.1,45.5,48.9,36.8,35.1,67.1,-12.9,,
UNC Asheville,BSth,32,20,101.2,99.4,0.5487,49.6,49.3,18.6,22.2,31.6,29.3,41.8,33.0,50.2,52.1,32.1,29.6,71.0,-6.3,R64,15.0
UNC Greensboro,SC,31,12,101.4,106.3,0.368,51.3,51.9,17.7,17.4,27.1,27.5,28.0,38.5,49.1,49.0,36.3,37.4,68.3,-12.7,,
UNC Wilmington,CAA,31,23,109.5,100.9,0.7186,51.2,47.5,15.9,19.9,32.1,30.1,35.6,55.2,51.0,46.1,34.4,33.9,71.3,-0.7,R64,13.0
UNLV,MWC,31,16,103.2,98.0,0.644,49.7,47.1,18.9,19.5,28.3,30.6,40.9,40.1,50.1,46.1,32.8,32.7,73.6,-6.3,,
USC,P12,34,21,113.7,98.7,0.8352,52.2,47.3,16.6,16.7,32.1,31.6,35.1,28.3,49.4,46.6,38.7,32.5,72.1,0.2,R64,8.0
USC Upstate,ASun,28,7,100.0,114.3,0.1782,50.1,54.6,20.2,15.1,33.1,31.9,30.9,36.6,48.4,53.1,35.7,38.1,67.2,-16.2,,
UT Arlington,SB,34,23,106.1,98.7,0.6962,49.2,47.0,18.7,20.1,36.3,26.2,34.4,43.3,49.5,44.4,32.5,33.7,73.2,-3.9,,
UT Rio Grande Valley,WAC,27,5,94.1,115.4,0.0872,47.2,52.1,17.7,14.4,23.0,35.7,29.6,31.1,45.7,51.9,33.1,35.0,68.5,-17.0,,
Utah,P12,35,26,115.8,97.3,0.8807,55.1,48.0,18.2,15.3,29.2,27.8,37.9,23.0,55.5,44.5,36.3,37.1,66.9,5.6,R32,3.0
Utah St.,MWC,29,14,110.3,106.1,0.6086,52.2,51.1,17.5,16.5,29.2,28.7,33.6,33.2,49.2,50.1,37.9,35.2,67.7,-7.4,,
Utah Valley,WAC,27,9,99.4,109.8,0.241,48.6,49.9,17.4,16.6,22.9,31.0,34.5,37.7,46.3,50.3,34.6,32.6,75.3,-12.2,,
UTEP,CUSA,32,18,102.9,106.2,0.4097,52.4,49.5,17.1,19.2,24.5,31.7,40.9,36.6,51.3,48.3,36.5,34.2,72.5,-9.7,,
UTSA,CUSA,30,4,96.9,116.0,0.1125,47.0,59.0,18.1,17.2,26.0,27.8,37.4,46.2,46.5,57.2,32.1,41.3,73.1,-20.4,,
Valparaiso,Horz,35,28,106.6,91.8,0.8476,50.7,44.5,19.0,18.5,35.2,24.8,35.1,38.7,48.3,41.5,36.5,33.9,67.5,0.4,,
Vanderbilt,SEC,33,19,114.5,93.2,0.9148,52.9,43.1,16.8,14.2,27.2,29.3,39.8,34.4,50.1,42.6,38.2,29.4,68.7,-0.3,R68,11.0
VCU,A10,36,25,112.1,94.2,0.8811,51.0,49.2,16.3,21.4,33.2,27.7,32.2,36.8,50.1,48.6,35.2,33.7,70.3,-0.1,R32,10.0
Vermont,AE,36,22,107.3,105.8,0.5414,54.1,49.3,19.2,16.7,28.5,28.2,38.2,37.4,52.6,46.3,38.2,37.0,68.5,-6.6,,
Villanova,BE,40,35,123.1,90.9,0.9703,56.1,46.7,16.3,20.6,28.2,29.4,34.1,30.0,57.4,44.1,36.2,33.9,66.7,8.9,Champions,2.0
Virginia,ACC,37,29,119.9,91.0,0.96,54.8,48.4,15.1,18.8,29.9,25.2,32.1,33.4,52.6,46.3,40.3,34.7,61.9,8.6,E8,1.0
Virginia Tech,ACC,35,20,109.5,97.8,0.7855,50.0,49.0,18.0,17.9,30.3,31.8,49.4,33.5,49.1,50.1,34.8,31.3,70.5,-0.5,,
VMI,SC,27,6,96.0,110.8,0.1606,47.1,53.0,18.5,18.7,26.3,34.0,27.0,41.4,45.7,51.2,32.5,37.4,69.3,-16.1,,
Wagner,NEC,33,22,99.6,101.4,0.449,47.6,46.8,19.6,20.7,36.9,27.5,32.6,44.3,46.4,45.6,33.6,32.7,66.7,-7.0,,
Wake Forest,ACC,31,11,106.9,99.4,0.6977,49.4,49.5,20.1,15.2,32.7,31.2,43.2,38.6,50.4,49.2,31.6,33.4,72.4,-6.2,,
Washington,P12,34,19,110.1,98.1,0.7905,48.1,47.9,17.4,20.5,33.4,35.7,41.2,44.6,47.3,47.2,33.1,33.1,78.2,-2.2,,
Washington St.,P12,30,8,101.1,104.0,0.4185,50.7,49.9,19.7,14.7,23.9,29.6,31.1,37.5,50.3,48.2,34.6,35.9,69.7,-10.4,,
Weber St.,BSky,32,23,101.7,99.5,0.5599,54.5,47.4,19.6,15.6,25.9,25.6,45.7,28.1,55.3,45.2,35.5,35.6,67.7,-3.7,R64,15.0
West Virginia,B12,35,26,114.8,90.4,0.9396,49.8,48.4,20.0,25.0,42.0,27.1,46.2,55.3,50.3,47.7,32.5,33.1,70.9,7.4,R64,3.0
Western Carolina,SC,31,13,99.2,104.2,0.3609,48.8,51.0,20.0,20.8,30.4,32.7,38.2,45.0,48.3,49.6,33.0,35.6,70.0,-10.4,,
Western Illinois,Sum,24,7,99.5,106.2,0.3205,49.3,50.1,18.2,15.2,25.5,27.0,32.0,42.4,46.0,46.4,37.8,39.1,68.6,-11.4,,
Western Kentucky,CUSA,32,16,108.1,107.8,0.509,52.5,52.4,19.0,15.0,33.6,28.6,39.6,30.0,51.5,50.4,36.3,37.3,67.8,-9.5,,
Western Michigan,MAC,30,11,102.4,104.5,0.4417,47.6,52.0,17.9,17.1,30.6,25.5,43.8,38.5,46.3,51.0,33.7,35.6,69.0,-12.2,,
Wichita St.,MVC,34,25,110.3,87.8,0.9321,48.9,44.7,14.7,23.2,31.7,23.6,37.4,45.4,49.2,42.1,32.3,32.7,66.8,0.2,R32,11.0
William & Mary,CAA,29,18,112.4,103.6,0.7192,54.9,49.5,15.9,15.3,25.8,27.2,36.6,27.9,54.8,49.4,36.7,33.1,69.2,-3.8,,
Winthrop,BSth,29,20,105.8,107.4,0.4576,54.2,47.7,17.8,15.9,26.0,32.0,41.1,31.9,53.9,47.1,36.4,32.7,73.7,-4.9,,
Wisconsin,B10,35,22,108.8,93.5,0.8509,48.5,48.1,17.1,18.6,33.1,27.7,38.0,33.6,46.6,44.8,34.9,37.4,64.1,0.4,S16,7.0
Wofford,SC,30,13,104.9,107.5,0.4303,51.7,54.0,18.0,17.6,26.2,25.9,38.4,41.5,45.8,54.3,40.9,35.5,66.2,-10.4,,
Wright St.,Horz,33,20,100.4,97.3,0.5879,51.4,48.6,16.5,20.6,19.1,25.5,33.0,48.3,48.3,48.1,37.8,33.0,66.3,-6.1,,
Wyoming,MWC,30,12,108.3,108.0,0.5092,53.4,50.1,17.0,15.8,18.1,30.4,45.9,39.1,50.8,48.4,37.2,35.4,65.6,-10.6,,
Xavier,BE,34,28,117.0,94.3,0.9229,51.4,47.8,17.4,19.3,35.2,26.0,41.7,33.6,49.8,48.6,36.3,31.1,72.4,7.7,R32,2.0
Yale,Ivy,29,22,109.1,95.6,0.8209,52.2,46.7,19.9,17.8,39.3,24.3,41.7,33.3,51.4,45.5,36.0,32.7,66.8,-0.1,R32,12.0
Youngstown St.,Horz,30,9,101.6,113.3,0.2215,49.0,53.6,15.6,15.7,22.7,33.8,29.8,32.5,45.5,54.5,37.0,34.6,73.2,-14.0,,
Gonzaga,WCC,32,28,120.3,89.9,0.9662,58.7,43.1,15.7,16.3,29.1,23.4,30.6,22.7,60.4,41.8,37.0,30.5,72.6,6.7,S16,1.0
Kansas,B12,40,34,119.8,91.3,0.958,53.8,45.8,17.3,18.1,32.9,28.6,32.3,27.7,53.6,46.4,36.1,29.8,69.1,10.4,Champions,1.0
Baylor,B12,34,27,117.8,91.3,0.9491,52.8,47.8,17.9,22.9,36.3,28.8,29.0,27.7,53.6,49.2,34.3,30.2,67.6,8.9,R32,1.0
Arizona,P12,37,33,118.0,93.7,0.9341,55.6,44.4,18.3,17.4,34.7,28.6,34.9,24.0,57.0,41.8,35.3,32.8,72.3,8.8,S16,1.0
Duke,ACC,39,32,122.7,96.0,0.944,55.6,47.1,15.0,15.7,31.7,28.9,28.6,19.1,56.0,46.6,36.6,32.0,67.4,7.2,F4,2.0
Villanova,BE,38,30,117.2,93.0,0.9346,51.5,47.3,15.5,18.4,31.2,28.9,29.8,25.0,49.5,48.1,35.9,30.8,62.2,7.3,F4,2.0
Kentucky,SEC,34,26,119.4,95.4,0.9295,53.1,46.9,16.7,17.5,37.7,24.9,28.0,25.4,53.5,47.3,34.7,30.8,67.8,6.9,R64,2.0
Auburn,SEC,34,28,111.7,90.0,0.9228,49.9,44.1,16.7,20.0,33.7,28.9,31.6,34.2,51.3,42.8,31.8,31.0,70.0,7.4,R32,2.0
Texas Tech,B12,37,27,110.5,85.4,0.9509,52.6,45.8,19.8,23.2,33.2,25.8,35.1,31.9,54.9,44.5,32.1,31.5,66.3,6.6,S16,3.0
Tennessee,SEC,35,27,111.3,87.1,0.9439,50.7,46.4,17.7,22.9,32.4,27.2,29.0,31.5,48.5,46.0,35.9,31.3,67.4,8.0,R32,3.0
Purdue,B10,37,29,121.6,97.5,0.9267,56.5,49.1,17.5,14.0,35.2,23.8,38.2,21.6,55.8,48.6,38.4,33.2,66.0,7.0,S16,3.0
Wisconsin,B10,33,25,108.7,93.4,0.8511,47.7,49.0,13.0,17.0,25.9,24.4,32.4,27.2,48.7,49.0,30.7,32.5,66.4,6.5,R32,3.0
UCLA,P12,35,27,115.8,92.2,0.9321,50.6,47.6,13.2,19.4,31.3,25.3,29.5,28.3,49.5,47.3,35.4,32.1,65.4,5.1,S16,4.0
Illinois,B10,33,23,111.9,93.0,0.8943,52.5,46.0,18.1,15.5,33.1,26.6,32.0,28.2,51.4,45.2,35.9,31.9,67.1,4.2,R32,4.0
Arkansas,SEC,37,28,108.7,90.7,0.8894,48.6,47.5,16.9,20.5,29.6,25.3,37.2,31.9,50.1,46.8,30.4,32.4,70.6,4.5,E8,4.0
Providence,BE,33,27,111.4,95.5,0.8554,50.0,46.3,17.0,15.6,30.3,27.4,37.0,27.0,49.0,47.1,34.4,30.0,65.3,5.9,S16,4.0
Houston,Amer,38,32,116.5,88.5,0.9595,53.1,43.3,16.9,21.7,37.7,28.0,29.0,34.7,54.5,43.4,33.8,28.8,63.7,6.2,E8,5.0
Iowa,B10,36,26,121.1,97.2,0.9265,53.3,49.7,13.0,19.2,32.3,30.0,30.0,26.3,52.5,49.9,36.3,32.9,69.8,4.5,R64,5.0
Saint Mary's,WCC,33,26,109.8,90.5,0.9024,52.7,48.3,17.0,19.2,27.4,21.7,23.3,25.1,52.5,47.0,35.5,34.3,63.7,3.9,R32,5.0
Connecticut,BE,33,23,113.2,95.9,0.8709,49.6,46.0,17.3,18.0,37.9,27.6,30.5,31.7,48.0,42.6,35.2,35.3,65.0,3.1,R64,5.0
Texas,B12,34,22,112.5,91.5,0.9152,50.1,47.0,17.8,23.0,31.6,29.8,32.0,39.0,50.5,46.6,33.0,31.8,63.5,3.4,R32,6.0
LSU,SEC,34,22,106.3,89.6,0.8766,49.4,45.1,20.7,25.1,33.8,30.9,33.4,37.8,50.4,47.6,31.6,28.2,68.7,2.3,R64,6.0
Alabama,SEC,33,19,115.2,98.3,0.8612,51.3,49.8,19.8,17.9,35.3,30.5,32.9,34.8,55.9,49.3,30.9,33.8,71.8,2.0,R64,6.0
Colorado St.,MWC,30,25,111.9,98.1,0.819,54.8,50.1,15.2,18.5,21.9,25.0,29.6,25.6,55.7,51.0,35.6,32.7,65.6,4.3,R64,6.0
Ohio St.,B10,32,20,115.5,98.5,0.8612,54.3,47.6,17.1,15.5,29.3,28.7,33.4,29.1,54.0,45.8,36.5,33.8,65.1,1.3,R32,7.0
Michigan St.,B10,36,23,111.6,96.6,0.8405,52.0,48.1,18.8,15.3,30.7,27.1,29.9,28.3,49.6,48.5,37.8,31.6,67.6,2.9,R32,7.0
Murray St.,OVC,31,31,110.0,96.2,0.8241,52.6,48.1,17.1,20.4,35.3,25.7,32.4,26.0,53.2,50.5,34.5,29.7,66.0,3.5,R32,7.0
USC,P12,34,26,108.6,96.2,0.8021,51.2,44.7,17.9,14.4,33.5,26.7,30.9,26.8,50.1,42.0,35.7,33.2,66.2,4.1,R64,7.0
North Carolina,ACC,39,29,114.4,93.5,0.9113,51.5,48.6,16.4,13.6,31.9,21.6,30.3,21.4,50.1,47.5,35.8,33.7,70.1,4.3,2ND,8.0
San Diego St.,MWC,32,23,102.4,86.9,0.8675,48.7,44.1,19.3,21.9,29.5,27.3,31.1,31.0,46.7,43.5,35.4,30.0,65.3,2.6,R64,8.0
Boise St.,MWC,34,27,107.6,92.9,0.8434,50.7,48.3,18.4,20.2,30.6,22.4,35.2,25.9,50.6,48.0,34.0,32.6,64.5,3.5,R64,8.0
Seton Hall,BE,31,21,105.4,93.4,0.8,47.2,45.6,17.7,18.5,32.3,29.1,30.5,27.8,45.8,45.1,33.2,31.1,67.6,1.9,R64,8.0
Memphis,Amer,33,22,112.4,92.6,0.9028,52.3,46.6,22.5,20.4,37.4,30.9,37.8,33.2,51.9,45.5,35.5,32.0,70.0,1.4,R32,9.0
TCU,B12,34,21,108.6,92.1,0.8698,48.7,47.4,21.4,18.6,37.7,26.1,31.4,26.9,50.3,48.0,30.2,30.9,65.9,2.9,R32,9.0
Creighton,BE,35,23,104.8,92.1,0.8151,50.6,44.9,20.4,15.5,28.4,28.5,26.7,20.8,53.3,43.6,30.8,31.7,67.0,1.7,R32,9.0
Marquette,BE,32,19,107.7,96.5,0.7787,52.1,47.0,17.2,18.9,22.5,31.6,26.2,29.5,52.6,46.4,34.4,32.0,71.2,0.6,R64,9.0
San Francisco,WCC,33,24,110.2,93.0,0.8748,53.1,47.1,17.9,18.4,30.0,24.0,28.5,33.0,54.4,48.7,34.3,28.9,69.0,1.6,R64,10.0
Miami FL,ACC,37,26,113.6,97.9,0.8467,53.4,52.5,14.0,20.4,22.4,30.3,28.9,24.8,54.8,53.0,33.9,34.5,67.7,2.6,E8,10.0
Loyola Chicago,MVC,32,25,106.9,92.3,0.8439,55.6,46.9,18.5,20.1,25.1,24.0,31.5,28.9,54.9,47.3,37.6,30.9,64.6,1.8,R64,10.0
Davidson,A10,33,27,115.8,101.1,0.8258,55.6,49.5,14.8,16.7,23.6,22.4,32.5,28.0,54.2,48.9,38.5,33.6,64.6,2.1,R64,10.0
Virginia Tech,ACC,36,23,115.6,95.2,0.9028,55.1,49.0,17.0,18.7,27.8,26.2,24.5,25.6,52.6,49.3,39.2,32.3,63.3,1.7,R64,11.0
Michigan,B10,34,19,113.9,96.2,0.8741,52.1,49.7,17.3,14.7,31.0,24.0,29.4,25.6,52.7,50.4,33.9,32.4,66.4,0.2,S16,11.0
Notre Dame,ACC,34,24,112.8,96.7,0.8542,54.0,49.0,15.6,15.1,22.1,24.7,27.3,22.2,51.9,49.6,37.9,32.0,65.4,1.9,R32,11.0
Iowa St.,B12,35,22,101.7,88.4,0.8346,49.1,47.9,20.4,24.6,28.4,28.3,27.1,36.7,50.1,50.8,31.5,28.9,66.3,2.8,S16,11.0
Rutgers,B10,32,18,106.6,96.3,0.7629,49.9,48.6,17.3,17.8,29.6,27.0,26.2,28.6,49.4,47.1,33.9,33.9,65.0,-0.7,R68,11.0
Indiana,B10,35,21,107.7,91.6,0.8652,50.6,46.2,17.2,17.6,27.0,25.1,33.5,30.7,50.9,43.9,33.3,33.0,67.2,0.2,R64,12.0
UAB,CUSA,33,27,111.8,99.1,0.8001,52.8,48.4,16.4,21.1,33.3,27.5,29.3,31.3,50.8,47.8,38.0,32.9,68.9,-0.1,R64,12.0
Wyoming,MWC,33,25,107.9,97.3,0.7661,52.3,47.1,17.1,15.7,25.5,24.6,37.1,24.8,54.4,48.4,33.0,30.1,65.8,1.9,R68,12.0
New Mexico St.,WAC,31,27,106.0,96.0,0.7579,51.9,45.2,20.8,16.8,32.6,25.7,34.6,28.3,53.2,45.6,33.4,29.8,66.1,0.7,R32,12.0
Richmond,A10,37,24,106.9,99.1,0.7071,51.1,50.5,14.3,18.8,22.4,27.5,31.0,23.4,52.3,49.9,33.0,34.3,66.7,-1.6,R32,12.0
Vermont,AE,33,28,109.7,97.3,0.7984,57.1,47.7,14.7,16.8,23.7,18.7,26.7,23.3,58.6,45.3,36.8,34.4,64.8,-0.8,R64,13.0
Chattanooga,SC,33,27,107.3,97.3,0.7557,52.2,49.4,17.0,18.1,32.7,26.2,26.8,27.8,53.0,52.1,33.9,30.3,64.6,0.2,R64,13.0
South Dakota St.,Sum,33,30,114.1,103.5,0.7542,59.2,51.4,15.3,15.8,23.7,24.3,34.6,21.3,55.9,50.3,43.7,35.2,69.6,1.5,R64,13.0
Akron,MAC,32,24,105.5,101.7,0.6041,52.5,49.1,17.7,17.5,29.0,26.4,39.3,26.1,52.2,47.4,35.3,34.8,61.9,-4.3,R64,13.0
Colgate,Pat,34,23,107.0,103.2,0.6026,55.6,48.9,16.9,16.0,26.6,25.1,26.3,24.1,52.1,48.0,40.4,33.7,67.0,-6.1,R64,14.0
Longwood,BSth,29,26,105.7,103.7,0.5541,51.5,51.4,18.4,20.0,33.2,24.5,35.4,26.5,47.9,53.9,38.4,32.1,65.8,-2.3,R64,14.0
Yale,Ivy,30,19,99.4,97.9,0.5449,49.7,48.9,18.3,18.2,25.6,26.7,32.2,32.1,50.1,51.2,32.6,30.5,68.9,-4.9,R64,14.0
Montana St.,BSky,33,27,103.6,102.5,0.5308,53.9,49.4,18.7,18.2,26.7,23.5,40.1,36.1,52.9,48.9,37.0,33.6,67.1,-2.8,R64,14.0
Saint Peter's,MAAC,33,22,99.4,93.1,0.6786,47.5,44.2,20.1,20.5,30.9,29.0,37.4,41.2,45.6,44.5,34.6,29.2,65.6,-5.6,E8,15.0
Delaware,CAA,34,22,106.5,103.2,0.5908,53.4,49.6,18.3,18.5,26.7,31.3,34.5,29.1,54.4,47.7,34.5,35.4,66.6,-5.5,R64,15.0
Jacksonville St.,ASun,30,21,104.5,102.2,0.5638,53.6,48.1,19.7,17.1,28.2,27.0,32.1,21.6,51.0,47.5,38.0,32.7,65.1,-5.2,R64,15.0
Cal St. Fullerton,BW,30,21,102.0,103.1,0.4675,48.9,51.1,17.9,20.2,29.1,28.2,34.8,25.7,48.4,48.4,33.4,37.3,66.0,-5.0,R64,15.0
Georgia St.,SB,26,18,101.9,98.4,0.5983,44.7,50.0,16.6,22.1,32.5,31.0,30.4,33.2,42.5,46.2,32.4,37.5,67.3,-5.1,R64,16.0
Bryant,NEC,31,22,102.9,104.1,0.4651,49.6,47.6,19.0,16.6,32.8,31.7,32.7,25.2,52.8,47.0,30.3,32.5,72.3,-4.8,R68,16.0
Wright St.,Horz,35,22,104.8,106.2,0.4613,51.7,51.4,17.7,18.5,31.0,30.1,31.6,26.1,52.5,51.9,33.4,33.8,68.8,-8.4,R64,16.0
Texas Southern,SWAC,32,19,96.3,98.5,0.4356,48.2,45.3,21.4,17.3,33.0,28.0,33.6,33.4,48.6,45.1,31.4,30.4,68.1,-6.8,R64,16.0
Norfolk St.,MEAC,28,24,100.7,103.0,0.4342,50.9,45.8,20.1,18.4,30.1,27.8,38.3,33.5,50.8,47.1,34.0,29.5,67.0,-3.1,R64,16.0
Texas A&M Corpus Chris,Slnd,31,23,96.4,102.8,0.3223,47.2,49.0,19.7,22.6,34.0,28.8,38.0,42.3,46.9,50.3,31.8,31.5,69.2,-7.6,R68,16.0
Oklahoma,B12,35,19,110.6,94.1,0.865,54.8,49.4,22.0,20.3,25.7,26.2,27.4,26.4,56.7,50.3,34.7,31.8,65.2,1.1,,
Texas A&M,SEC,39,27,109.2,93.3,0.8597,49.6,47.4,18.9,23.7,33.5,33.2,35.7,33.3,50.1,47.9,32.4,31.1,66.5,1.2,,
Oklahoma St.,B12,30,15,102.9,88.0,0.8575,48.0,45.7,21.4,22.8,32.3,31.4,33.0,31.2,49.8,43.7,29.5,32.4,68.0,-0.8,,
Wake Forest,ACC,35,25,110.7,95.0,0.8543,55.6,47.3,19.2,17.6,26.7,26.2,33.6,29.4,58.5,46.6,34.5,32.3,70.4,1.5,,
Washington St.,P12,37,22,107.6,93.1,0.8405,47.9,46.9,16.6,20.4,33.4,29.5,29.8,30.3,46.2,47.4,33.5,30.6,66.2,-4.0,,
Dayton,A10,35,24,108.8,94.5,0.8341,53.9,46.9,19.1,17.1,30.3,23.6,30.5,23.7,53.8,45.8,36.1,32.4,63.1,-1.2,,
Syracuse,ACC,33,16,116.1,101.4,0.8271,52.5,50.6,15.4,16.7,29.2,32.1,28.3,23.5,49.9,51.6,37.6,33.0,67.7,-3.8,,
Xavier,BE,36,23,110.9,97.2,0.8205,50.9,48.3,16.7,18.1,29.3,26.1,35.3,25.9,52.2,48.3,32.2,32.2,68.6,-1.1,,
St. John's,BE,32,17,110.2,96.7,0.8178,50.8,48.9,15.9,21.3,30.7,31.5,26.1,33.2,51.0,47.5,33.5,34.1,73.6,-3.3,,
VCU,A10,32,22,100.9,88.9,0.8097,51.4,44.4,21.9,24.7,26.6,32.0,30.9,38.3,51.1,45.9,34.7,27.8,68.5,0.5,,
North Texas,CUSA,30,25,104.6,92.3,0.8082,51.4,46.3,18.7,19.5,31.7,25.1,37.7,32.8,49.7,47.6,35.8,28.8,59.2,0.7,,
Utah St.,MWC,33,18,109.2,96.4,0.8061,54.2,49.7,18.3,18.3,26.0,22.9,28.9,29.0,56.2,48.8,34.1,34.0,66.7,-4.7,,
Florida,SEC,34,20,109.8,97.0,0.8056,49.6,49.4,18.5,21.8,31.5,32.5,33.8,30.3,53.1,49.9,30.3,32.2,65.5,-0.9,,
SMU,Amer,33,24,107.9,95.4,0.8039,51.5,44.5,17.7,17.0,27.7,30.3,35.6,25.4,50.4,44.5,35.3,29.8,68.3,1.8,,
West Virginia,B12,33,16,108.6,96.1,0.8025,46.8,50.6,18.2,22.5,30.0,33.6,36.1,34.1,45.7,51.7,32.8,32.4,67.9,-1.1,,
Virginia,ACC,35,21,107.4,95.1,0.8012,49.7,48.8,16.1,18.3,27.8,28.8,28.1,23.3,50.3,47.9,32.3,33.6,59.3,-0.5,,
Vanderbilt,SEC,36,19,106.7,94.7,0.7985,50.2,48.5,18.9,20.7,27.5,27.7,38.7,34.9,49.5,50.7,34.0,30.1,67.4,-3.1,,
BYU,WCC,33,24,108.4,97.8,0.7647,51.8,47.7,18.4,15.0,30.6,22.5,27.2,31.1,51.9,48.9,34.6,30.5,67.8,0.3,,
Santa Clara,WCC,33,21,110.6,100.4,0.7538,54.5,48.5,16.2,16.5,23.4,26.2,27.6,21.2,53.5,46.7,37.8,34.8,70.9,-1.7,,
Northern Iowa,MVC,31,20,110.2,102.1,0.7057,53.0,53.9,16.2,18.0,20.8,21.8,33.2,22.7,53.3,54.4,35.1,35.6,67.3,-2.9,,
DePaul,BE,31,15,106.4,99.8,0.6759,48.8,48.8,17.4,16.8,31.7,28.5,33.4,26.0,49.4,47.8,31.7,33.7,68.8,-4.7,,
Stephen F. Austin,WAC,28,22,101.9,98.3,0.6021,51.3,49.2,22.3,24.4,34.5,32.2,36.5,37.4,52.8,50.1,31.9,31.9,69.0,-3.1,,
Sam Houston St.,WAC,30,19,100.0,96.9,0.5896,48.3,48.6,18.5,20.8,30.6,26.3,25.0,34.7,46.8,49.1,33.6,31.9,64.9,-7.1,,
UC Riverside,BW,26,16,101.2,100.1,0.5301,50.7,47.1,18.4,16.1,22.4,22.4,26.9,28.2,52.2,47.8,32.3,30.2,65.4,-6.8,,
UNC Greensboro,SC,31,17,100.0,101.2,0.4672,49.8,50.4,20.1,18.6,32.4,25.2,27.5,28.6,48.6,48.6,34.4,34.9,62.3,-7.4,,
Bellarmine,ASun,29,20,108.0,109.3,0.4645,53.3,54.4,15.0,17.7,22.4,30.5,22.1,30.2,54.8,56.1,34.2,35.0,62.3,-5.6,,
Long Beach St.,BW,31,20,101.5,103.0,0.4583,48.8,52.1,17.9,19.9,27.1,27.2,38.1,27.7,47.1,51.3,34.9,35.5,71.1,-4.9,,
Old Dominion,CUSA,31,13,99.6,101.9,0.4355,46.9,49.7,18.4,17.1,32.3,27.3,34.3,29.4,48.1,48.4,29.0,34.2,64.3,-12.3,,
Campbell,BSth,26,16,100.1,102.5,0.4335,51.3,50.6,16.4,18.3,22.2,26.1,26.3,27.6,52.4,49.1,33.0,35.3,62.3,-8.8,,
Alcorn St.,SWAC,34,17,97.5,104.0,0.3222,45.9,50.9,20.3,19.1,31.9,27.9,32.5,36.8,45.1,50.6,31.8,34.3,67.4,-8.2,,
Mississippi St.,SEC,34,18,107.6,95.6,0.7973,49.6,49.6,19.5,19.4,34.1,25.7,38.1,28.3,51.7,50.9,29.5,31.9,65.5,-2.4,,
Kansas St.,B12,31,14,109.6,97.3,0.7969,49.4,49.5,16.9,19.8,25.2,28.3,29.6,32.0,47.5,52.4,34.6,30.2,66.4,-2.1,,
Fresno St.,MWC,35,23,105.1,93.5,0.7928,51.1,47.7,17.7,19.4,27.3,22.9,31.2,27.2,51.3,47.2,33.7,32.3,61.5,-4.0,,
Saint Louis,A10,34,23,108.5,96.7,0.7889,50.6,48.2,18.7,18.0,33.8,26.5,32.7,32.4,49.1,48.0,36.2,32.3,68.0,-1.5,,
Tulane,Amer,29,14,110.8,99.4,0.7769,51.2,49.6,15.0,20.3,20.1,32.8,33.4,28.5,49.0,48.3,36.5,34.1,67.9,-5.1,,
Clemson,ACC,33,17,109.4,98.3,0.7753,52.4,49.7,16.4,16.9,25.8,24.1,29.8,29.1,51.2,49.4,36.3,33.4,66.4,-3.7,,
Oregon,P12,34,20,109.6,98.7,0.7705,51.1,49.6,17.1,19.2,29.9,31.1,29.7,29.1,51.6,50.2,33.5,32.4,67.7,-2.4,,
Furman,SC,33,22,113.6,102.4,0.7686,55.6,51.5,15.7,19.1,27.4,28.1,23.3,24.6,55.0,52.5,37.5,33.3,65.0,-4.5,,
Missouri St.,MVC,33,23,112.1,101.8,0.7522,54.6,48.8,15.5,15.7,25.8,24.0,27.7,28.0,54.6,47.8,36.4,33.6,67.1,-2.5,,
Towson,CAA,34,25,108.3,98.5,0.7488,51.6,47.9,17.9,19.5,35.7,26.5,33.9,31.9,50.4,48.4,35.7,31.5,64.7,-1.7,,
Drake,MVC,34,25,108.4,98.9,0.7424,51.4,49.3,15.9,19.4,30.2,25.9,27.3,33.5,52.3,49.1,33.1,33.1,66.0,-2.0,,
Arizona St.,P12,31,14,100.6,92.0,0.7378,47.1,46.3,17.3,19.6,24.9,30.3,21.2,32.3,47.7,46.1,30.7,31.1,67.3,-4.1,,
Maryland,B10,32,15,108.7,99.4,0.7378,49.4,50.2,16.8,16.1,27.2,27.6,33.9,24.6,49.7,48.2,32.6,35.5,66.7,-3.8,,
Colorado,P12,33,21,105.4,96.4,0.7358,50.4,48.1,19.7,17.5,29.9,24.4,34.7,27.0,48.1,47.2,36.6,33.1,67.3,-0.3,,
UNLV,MWC,31,18,107.0,97.9,0.7357,49.1,48.4,17.0,17.2,27.1,25.9,30.7,30.8,48.6,48.8,33.2,31.9,66.4,-3.8,,
Northwestern,B10,30,15,105.5,96.7,0.7322,49.0,50.8,14.1,19.3,25.6,25.1,25.1,34.8,47.2,47.7,34.6,36.8,67.8,-3.9,,
St. Bonaventure,A10,33,23,107.3,98.7,0.7233,50.5,50.3,15.5,19.1,26.9,27.5,25.9,22.2,50.9,49.6,33.1,34.2,65.5,-0.5,,
Wichita St.,Amer,28,15,103.9,95.5,0.7232,46.7,47.3,18.7,20.1,32.3,28.3,31.7,30.4,46.7,47.2,31.2,31.6,67.1,-3.6,,
Iona,MAAC,33,25,106.9,98.6,0.7179,50.7,46.6,17.9,19.0,31.8,29.8,37.3,33.8,51.2,47.2,33.2,30.2,69.4,-0.7,,
Belmont,OVC,32,25,106.6,98.4,0.7163,55.7,49.4,16.8,20.9,24.4,27.8,25.9,23.5,60.7,48.7,32.8,33.7,69.0,-0.2,,
Grand Canyon,WAC,29,23,104.1,96.1,0.7144,49.9,43.5,19.2,18.6,34.8,28.4,31.0,33.0,48.3,45.1,34.8,26.9,65.6,-2.4,,
Penn St.,B10,31,14,104.0,96.4,0.7046,50.5,48.3,18.6,13.8,28.6,24.1,21.8,26.2,49.9,45.6,34.2,35.2,61.9,-3.9,,
Cincinnati,Amer,32,18,104.4,96.9,0.7035,46.9,45.0,15.2,17.9,30.1,29.6,29.6,34.5,46.7,44.2,31.4,31.2,67.7,-4.6,,
Middle Tennessee,CUSA,35,26,105.8,98.2,0.7004,51.4,47.2,18.9,20.3,30.0,29.2,34.2,36.5,52.7,47.6,33.1,31.0,67.1,-3.2,,
UCF,Amer,30,18,106.3,98.7,0.7002,49.9,48.7,19.1,20.7,30.8,30.8,28.5,29.8,47.9,50.0,35.0,31.2,67.5,-1.7,,
Toledo,MAC,33,26,109.2,101.8,0.693,53.0,47.2,14.7,15.3,30.4,27.4,28.0,22.9,53.1,47.6,35.2,31.2,68.9,-1.6,,
Mississippi,SEC,32,13,106.0,99.1,0.6857,49.6,51.4,18.0,19.4,26.7,26.6,28.7,28.0,50.0,53.1,32.6,32.3,65.4,-7.1,,
Louisiana Tech,CUSA,31,24,104.4,97.7,0.6842,51.9,48.2,16.9,19.3,26.1,28.1,31.1,28.1,52.5,47.4,34.0,33.0,68.4,-2.6,,
Bradley,MVC,30,17,102.8,96.1,0.6837,51.1,46.9,19.9,18.2,31.9,23.5,27.3,30.2,51.1,46.1,34.1,32.2,67.3,-6.4,,
Florida St.,ACC,31,17,105.2,98.4,0.6833,49.0,52.2,18.1,21.0,31.7,31.1,30.3,30.4,48.7,50.0,33.1,36.9,67.8,-1.6,,
South Carolina,SEC,30,18,100.1,94.2,0.6679,47.3,47.3,21.4,21.5,33.6,32.1,29.2,41.6,47.4,46.9,31.3,32.0,70.6,-1.1,,
Washington,P12,32,17,104.4,98.4,0.6629,46.4,49.9,16.7,22.1,29.3,35.6,34.7,30.1,46.2,49.8,31.2,33.5,69.6,-4.4,,
Temple,Amer,29,17,101.6,96.2,0.652,45.4,45.5,18.5,17.2,32.7,29.3,39.7,31.7,44.7,46.3,31.1,29.4,66.3,-2.5,,
Princeton,Ivy,28,23,111.5,105.9,0.6452,56.7,51.3,14.5,15.5,24.8,23.5,21.3,21.7,55.9,51.6,38.4,33.6,66.9,-2.1,,
Minnesota,B10,30,13,106.1,100.8,0.6435,50.7,51.2,14.0,15.8,17.7,27.5,23.6,23.3,48.0,51.6,36.8,33.7,65.1,-4.8,,
Boston College,ACC,33,13,103.9,98.8,0.6422,47.8,51.5,17.9,18.7,29.9,25.7,29.6,31.5,48.5,49.8,30.9,36.4,65.0,-8.3,,
Hofstra,CAA,30,21,109.1,103.8,0.6392,53.4,54.4,14.7,20.4,23.3,26.9,21.7,26.3,55.6,52.1,33.8,38.3,68.9,-3.4,,
Nebraska,B10,32,10,106.5,101.4,0.6388,50.3,51.5,17.1,18.3,20.6,31.4,33.3,29.4,51.8,51.2,32.0,34.7,71.4,-9.1,,
Abilene Christian,WAC,32,25,104.5,99.5,0.6379,48.4,52.0,17.6,27.9,27.8,30.9,39.3,49.1,48.4,52.0,32.2,34.6,70.2,-4.1,,
Stanford,P12,32,16,103.5,98.7,0.6337,49.8,51.4,22.3,16.4,33.8,22.9,29.9,29.0,49.2,52.9,33.9,32.7,66.0,-3.2,,
Utah Valley,WAC,30,20,101.5,96.8,0.6337,50.6,45.4,22.1,15.6,32.0,24.5,38.1,28.3,48.7,46.6,36.8,29.0,65.8,-5.3,,
Butler,BE,31,14,102.3,97.6,0.6318,47.1,49.9,18.2,17.1,27.1,27.4,30.2,30.2,48.9,51.9,29.7,31.1,63.8,-5.3,,
Louisville,ACC,32,13,103.0,98.3,0.631,48.8,50.3,18.0,16.3,27.3,24.9,25.1,30.0,50.5,49.1,30.9,34.9,67.3,-6.8,,
Morehead St.,OVC,31,23,102.8,98.2,0.6277,52.4,46.5,20.4,17.3,30.7,29.5,29.0,23.7,51.6,45.3,35.8,32.6,64.7,-3.9,,
North Carolina St.,ACC,32,11,109.2,104.5,0.625,47.9,53.4,14.5,18.3,30.3,31.0,29.1,29.4,45.9,53.0,34.0,36.1,67.1,-9.0,,
George Mason,A10,30,14,104.7,100.2,0.6244,53.0,49.6,18.0,17.2,24.9,23.8,29.0,29.6,52.4,48.1,35.7,34.4,65.0,-8.1,,
Liberty,ASun,30,22,104.6,100.2,0.6203,55.5,48.3,18.0,17.1,22.2,22.8,28.4,31.4,54.0,46.3,38.1,34.2,65.0,-6.1,,
Utah,P12,31,11,106.6,102.2,0.6189,48.4,49.4,18.1,15.2,29.3,29.2,30.0,28.6,47.3,49.4,33.5,32.9,66.4,-9.4,,
Nevada,MWC,30,13,105.8,101.7,0.6118,50.6,52.4,18.4,18.3,24.5,26.1,32.0,29.7,51.3,51.2,33.0,35.9,70.3,-7.0,,
Western Kentucky,CUSA,30,19,105.5,101.5,0.608,52.8,50.7,17.6,19.9,25.1,30.4,31.3,16.5,52.1,48.6,35.9,35.6,68.7,-6.3,,
Southern Illinois,MVC,30,16,101.7,97.9,0.606,51.5,49.7,18.1,18.7,23.2,23.3,29.1,27.6,50.6,50.2,35.1,32.4,62.1,-7.5,,
Wofford,SC,30,19,105.3,101.4,0.6059,53.9,53.8,17.7,19.7,26.9,22.2,28.2,28.6,55.5,53.3,34.8,36.2,64.2,-6.3,,
College of Charleston,CAA,32,17,105.3,101.6,0.6015,50.3,51.2,20.9,19.1,35.7,25.0,30.4,37.6,50.0,51.3,33.9,34.1,73.7,-7.5,,
Texas St.,SB,26,21,105.3,101.7,0.5987,51.0,50.7,18.8,21.8,30.8,29.3,32.9,34.4,48.9,49.5,37.2,35.1,63.7,-2.3,,
Kent St.,MAC,32,23,102.4,99.1,0.5935,49.8,49.0,18.5,19.5,30.8,26.4,32.6,36.4,50.5,50.1,32.5,31.7,65.7,-4.5,,
Florida Atlantic,CUSA,31,19,104.5,101.2,0.5909,53.3,50.8,19.6,19.5,31.1,26.0,28.8,32.1,53.6,48.4,35.3,36.9,67.1,-8.1,,
California,P12,32,12,100.0,97.2,0.5821,46.9,47.5,17.1,14.7,25.5,23.4,25.3,31.5,47.2,48.1,30.8,30.9,64.1,-8.8,,
Georgia Tech,ACC,31,12,100.5,97.8,0.5792,49.6,50.1,18.9,18.8,25.0,28.1,25.0,31.5,48.6,51.4,34.4,32.1,68.1,-8.3,,
Rhode Island,A10,30,15,98.2,95.6,0.576,50.6,46.3,20.8,19.3,28.6,27.6,36.1,32.7,50.5,44.5,33.8,32.6,67.2,-8.5,,
UC Santa Barbara,BW,26,17,104.3,101.7,0.5717,53.5,48.1,19.3,19.5,28.4,27.2,37.2,30.4,55.0,48.2,33.4,32.0,65.5,-6.8,,
Seattle,WAC,30,23,98.7,96.3,0.5711,48.3,46.4,16.3,20.5,26.0,25.6,28.8,40.5,47.1,46.0,33.1,31.4,70.4,-3.6,,
Drexel,CAA,28,15,103.9,101.5,0.5668,52.0,50.4,16.4,16.2,25.6,26.1,25.4,26.1,52.0,50.6,34.7,33.4,66.2,-7.7,,
Buffalo,MAC,28,19,105.7,103.7,0.5529,51.6,48.2,18.6,15.8,37.0,27.9,25.6,29.4,51.6,48.3,34.4,31.9,71.1,-5.4,,
UC Irvine,BW,23,15,98.2,96.4,0.5515,47.6,44.1,20.6,17.2,29.9,27.6,29.7,31.2,47.4,46.0,32.1,26.6,65.1,-4.8,,
Saint Joseph's,A10,30,11,99.9,98.2,0.5504,49.7,47.7,19.6,13.7,27.0,24.1,22.9,26.9,49.0,47.6,33.6,31.8,68.2,-11.0,,
Ohio,MAC,34,25,102.6,100.8,0.5504,50.6,50.0,15.4,20.4,27.1,26.0,31.5,28.0,50.8,51.9,33.7,31.2,67.4,-3.5,,
Gardner Webb,BSth,28,18,97.1,95.7,0.5408,49.9,45.5,20.0,19.0,26.9,26.3,28.5,36.3,50.2,47.4,33.0,28.5,67.5,-7.7,,
Jacksonville,ASun,27,21,100.5,99.1,0.5394,48.6,47.2,18.6,16.4,33.6,23.4,30.5,30.8,47.2,49.9,34.5,29.3,61.4,-5.6,,
Missouri,SEC,32,12,102.1,100.8,0.5369,47.1,50.8,21.6,17.9,31.4,29.7,29.9,35.6,49.4,49.7,28.1,35.1,65.7,-7.0,,
Appalachian St.,SB,31,19,100.7,99.6,0.5314,48.4,49.8,16.0,17.9,26.3,26.0,27.6,21.7,46.9,50.0,33.5,33.0,64.4,-7.0,,
New Mexico,MWC,30,13,105.4,104.3,0.5296,49.4,52.0,16.1,18.0,24.0,29.1,32.8,35.6,48.1,53.5,34.4,32.9,71.2,-9.6,,
UTEP,CUSA,32,20,100.8,99.8,0.5287,49.2,49.9,16.7,20.5,22.6,29.5,27.8,37.2,47.4,50.0,34.7,33.2,66.5,-5.9,,
UNC Wilmington,CAA,34,27,104.4,103.5,0.5246,48.1,50.5,14.6,19.9,28.0,31.8,34.4,34.8,47.4,49.1,32.9,35.5,65.4,-3.6,,
Wagner,NEC,26,21,101.2,100.4,0.5239,49.9,48.1,18.0,22.3,33.5,27.5,32.1,39.3,53.0,50.4,28.5,29.7,66.5,-2.5,,
Tulsa,Amer,31,11,103.5,102.6,0.5231,49.6,52.2,19.0,20.1,26.7,30.1,31.0,29.0,48.5,50.5,34.2,36.2,66.4,-10.6,,
Mercer,SC,31,16,105.8,105.2,0.517,52.9,52.8,18.3,15.8,24.5,26.5,29.3,28.5,52.9,53.2,35.3,34.9,64.9,-9.7,,
Coastal Carolina,SB,29,19,101.1,100.6,0.5151,49.9,46.5,20.3,17.3,32.7,28.7,31.1,25.5,48.3,47.8,35.1,30.0,66.6,-8.8,,
Portland,WCC,32,19,103.3,102.8,0.5142,50.2,50.1,18.3,17.4,23.9,27.7,33.5,26.2,48.4,48.5,35.4,35.0,68.7,-6.6,,
South Alabama,SB,29,21,101.7,101.2,0.5142,52.0,47.6,19.3,20.8,26.9,31.3,30.6,30.7,52.3,46.8,34.2,32.5,66.5,-6.3,,
North Dakota St.,Sum,31,23,101.6,101.1,0.5138,51.8,47.6,17.0,12.7,24.8,23.1,33.4,25.5,51.1,47.0,35.3,32.5,66.2,-4.5,,
East Tennessee St.,SC,30,15,107.6,107.1,0.5135,51.8,53.1,17.0,16.6,30.6,31.1,21.7,26.1,51.1,54.7,35.1,34.2,65.5,-9.4,,
Samford,SC,29,21,104.1,103.9,0.5039,51.8,52.1,19.3,17.8,30.1,29.0,28.9,32.0,53.4,52.6,33.1,34.4,69.2,-4.6,,
East Carolina,Amer,30,15,101.8,101.7,0.5027,47.1,50.5,18.7,18.5,27.6,28.5,33.5,31.0,45.3,48.8,33.3,35.3,67.8,-6.4,,
Cleveland St.,Horz,29,20,104.0,104.2,0.4962,53.2,49.4,19.6,21.8,33.9,31.9,36.1,34.2,55.3,50.0,32.6,32.3,67.6,-6.3,,
Monmouth,MAAC,34,21,101.3,101.7,0.4897,47.5,47.3,17.3,17.8,29.4,27.9,36.9,33.6,46.3,46.6,33.1,32.3,66.3,-6.1,,
Georgetown,BE,31,6,104.2,104.6,0.4895,46.2,53.6,18.8,18.0,32.3,29.9,29.0,27.6,43.3,52.4,34.2,36.9,70.1,-13.0,,
VMI,SC,29,16,109.5,110.0,0.4854,55.3,51.1,16.9,14.0,22.7,29.6,26.3,25.3,54.4,50.2,37.4,34.7,68.7,-8.8,,
Louisiana Lafayette,SB,29,16,101.1,101.7,0.4836,48.6,46.9,22.0,18.4,33.6,27.6,35.5,35.5,47.0,46.2,34.3,32.2,69.6,-9.2,,
Hawaii,BW,26,17,100.3,101.0,0.4787,50.4,46.9,19.7,15.9,29.0,25.1,32.5,31.7,49.5,47.2,34.6,30.9,65.1,-7.1,,
Northern Kentucky,Horz,30,20,100.8,101.5,0.478,49.5,49.5,19.9,21.1,36.0,31.0,26.6,25.0,48.3,50.0,34.1,32.4,64.0,-8.0,,
Winthrop,BSth,29,23,104.3,105.1,0.4779,56.4,51.0,21.2,19.3,25.3,27.5,37.5,33.5,57.0,49.1,37.0,35.9,68.4,-3.2,,
Oakland,Horz,30,20,102.5,103.3,0.4756,49.1,50.2,18.0,20.5,30.7,33.4,34.0,21.5,52.5,52.9,29.7,31.0,67.7,-6.1,,
Southern Utah,BSky,33,23,105.0,105.9,0.4736,52.6,51.7,17.4,17.2,27.8,22.5,33.4,27.6,53.6,51.6,34.1,34.6,68.3,-6.5,,
Fordham,A10,32,16,93.1,94.1,0.4704,45.7,47.9,18.9,19.6,27.2,26.3,29.7,30.4,46.7,48.5,29.7,31.2,67.8,-8.4,,
Cornell,Ivy,24,15,103.1,104.3,0.4658,53.5,51.1,19.6,18.1,26.1,28.1,32.2,31.3,55.6,53.0,34.1,32.3,72.0,-6.3,,
Navy,Pat,31,21,94.2,95.6,0.4577,47.5,47.3,19.9,20.4,33.8,24.8,30.8,31.7,47.0,45.7,32.3,33.2,64.8,-6.0,,
Oral Roberts,Sum,28,19,108.1,109.7,0.4576,53.9,51.1,13.2,12.7,26.6,24.7,23.0,24.8,52.3,50.8,37.2,34.4,70.2,-6.8,,
Florida Gulf Coast,ASun,32,22,104.7,106.4,0.4562,53.3,50.5,18.9,15.8,29.9,27.4,29.1,24.0,53.8,50.5,35.1,33.7,70.1,-6.7,,
Charlotte,CUSA,31,17,104.7,106.4,0.4539,52.9,52.6,17.2,16.9,22.7,25.6,28.0,26.5,53.6,51.7,34.5,36.2,65.4,-7.4,,
Massachusetts,A10,32,15,110.9,112.8,0.4516,51.3,55.2,16.6,18.0,29.3,29.7,32.8,29.3,48.0,54.7,37.1,37.4,69.1,-9.0,,
Georgia,SEC,32,6,107.0,108.8,0.4513,50.2,54.6,20.7,15.7,25.8,30.1,39.0,24.1,51.3,56.1,32.1,34.9,68.8,-13.7,,
Weber St.,BSky,31,21,101.3,103.2,0.4489,53.5,52.3,16.3,20.2,20.0,24.9,37.8,26.9,54.5,49.2,34.6,38.1,69.6,-7.7,,
Pittsburgh,ACC,32,11,98.9,101.1,0.4379,46.7,52.0,21.2,16.5,30.5,26.1,39.4,29.4,46.5,49.5,31.4,36.8,64.0,-8.9,,
Tarleton St.,WAC,28,14,99.3,101.6,0.4357,46.3,52.4,18.2,24.7,27.0,34.0,33.7,35.6,46.3,54.7,30.9,32.9,63.2,-9.5,,
Illinois St.,MVC,31,13,103.6,106.1,0.4307,51.8,51.0,19.5,17.2,28.5,29.8,31.3,31.9,49.7,50.5,36.9,34.5,68.0,-12.4,,
UMKC,Sum,27,19,100.4,103.0,0.4277,52.3,52.0,15.6,21.0,21.5,26.6,31.6,44.4,51.6,52.8,35.8,33.6,67.3,-7.3,,
Arkansas St.,SB,26,18,98.0,100.5,0.4257,49.3,49.2,20.6,19.3,29.4,28.4,34.5,28.2,50.0,48.8,31.9,33.3,68.2,-5.9,,
Indiana St.,MVC,28,11,98.6,101.6,0.4159,50.6,51.7,19.2,15.8,17.3,22.5,26.4,26.2,52.8,50.1,32.0,36.1,69.5,-12.3,,
Troy,SB,29,20,97.3,100.2,0.4146,47.6,48.5,22.1,20.3,31.6,27.6,34.9,34.5,47.1,47.9,32.3,33.1,67.1,-5.8,,
Nicholls St.,Slnd,29,21,99.6,102.7,0.4114,52.1,48.3,17.3,19.7,29.6,30.6,21.6,36.3,54.5,47.2,32.1,33.3,69.8,-5.8,,
Loyola Marymount,WCC,28,11,105.1,108.5,0.4105,51.9,54.7,19.2,18.1,24.4,27.3,31.1,31.9,52.3,55.0,34.2,36.0,65.8,-9.4,,
Valparaiso,MVC,30,14,102.1,105.4,0.4105,51.0,52.3,16.5,16.5,20.3,24.8,26.9,22.6,52.1,51.6,32.9,35.6,65.2,-10.8,,
UC Davis,BW,22,13,97.4,100.7,0.4072,48.6,47.3,17.9,19.2,26.2,28.9,29.4,36.9,48.7,45.4,32.3,33.9,67.3,-8.1,,
Fort Wayne,Horz,31,21,99.1,102.4,0.4066,53.1,53.4,19.2,21.6,22.4,27.1,27.4,25.9,51.9,53.6,36.4,35.4,68.3,-7.4,,
Niagara,MAAC,29,14,98.4,101.8,0.4042,49.3,48.2,16.7,17.1,23.1,27.1,28.1,28.8,48.2,46.9,34.0,33.6,64.3,-10.5,,
Fairfield,MAAC,32,15,99.4,103.1,0.3986,49.3,48.1,16.8,17.0,27.4,27.7,26.6,31.2,48.6,48.1,33.5,32.2,64.3,-12.7,,
Harvard,Ivy,23,13,97.0,100.7,0.3956,49.6,52.1,17.5,20.7,25.2,23.8,24.5,32.6,50.0,49.8,32.6,37.1,67.2,-9.5,,
UNC Asheville,BSth,29,17,101.3,105.1,0.3953,50.5,49.9,18.2,19.0,26.6,33.0,37.1,27.4,50.1,52.9,34.1,29.0,66.5,-9.4,,
South Dakota,Sum,29,19,103.5,107.5,0.3922,52.0,52.7,15.1,15.5,26.5,22.4,34.1,34.2,50.0,51.7,37.3,36.2,65.8,-7.6,,
Oregon St.,P12,31,3,105.3,109.4,0.392,49.2,55.0,18.2,17.5,26.2,34.0,27.6,29.1,49.8,55.8,31.9,35.9,66.7,-16.1,,
Northern Colorado,BSky,35,22,106.9,111.1,0.3892,56.2,52.9,17.1,13.9,21.9,24.6,30.8,30.1,55.6,50.7,37.9,38.2,69.3,-9.0,,
James Madison,CAA,27,15,102.2,106.3,0.3891,51.1,53.3,17.7,20.6,25.9,31.5,30.6,27.5,50.9,55.7,34.2,33.7,69.0,-8.3,,
Cal Baptist,WAC,31,18,98.1,102.2,0.3866,49.9,48.2,20.4,17.4,28.1,27.8,36.8,33.8,49.8,47.8,33.4,32.6,67.3,-9.1,,
Penn,Ivy,28,12,105.2,109.6,0.384,51.3,52.1,17.0,15.3,25.4,28.0,24.1,28.8,52.0,52.1,33.5,34.7,67.9,-8.8,,
San Diego,WCC,29,15,96.0,100.1,0.3822,46.7,49.2,18.6,16.0,26.3,26.4,25.5,23.7,46.2,49.0,32.1,33.2,65.7,-7.8,,
George Washington,A10,30,12,98.9,103.1,0.3816,48.9,49.6,17.9,18.0,23.2,31.1,26.0,29.2,48.0,51.4,33.7,30.7,69.0,-10.9,,
Rider,MAAC,32,14,98.6,102.9,0.3798,45.6,49.2,17.3,18.4,29.4,28.3,27.2,33.2,44.9,47.3,31.6,34.4,67.0,-13.4,,
Detroit,Horz,29,14,105.7,110.4,0.3771,52.6,54.4,17.9,19.0,27.9,29.7,22.8,30.5,50.1,55.4,36.9,35.3,64.9,-9.6,,
Dartmouth,Ivy,24,9,96.3,100.7,0.3768,48.2,50.8,17.4,19.0,23.6,26.6,24.5,28.4,46.6,50.5,33.4,34.2,64.7,-11.2,,
Marist,MAAC,30,14,99.2,103.8,0.3729,50.4,48.3,18.2,16.7,26.4,27.1,25.0,28.5,49.7,47.1,34.4,33.4,66.3,-11.6,,
Brown,Ivy,27,13,98.8,103.6,0.3679,49.4,51.1,19.1,19.5,28.2,28.1,31.6,33.2,50.6,51.3,31.7,33.9,67.5,-9.9,,
La Salle,A10,30,11,97.8,102.6,0.3653,47.8,50.0,19.0,16.7,29.0,27.4,25.1,31.0,47.6,47.8,32.0,35.9,67.5,-11.7,,
Boston University,Pat,34,22,104.3,109.5,0.3646,51.9,50.9,18.2,16.5,30.9,24.2,28.8,29.0,51.6,51.0,34.9,33.8,64.9,-8.3,,
Southeast Missouri St.,OVC,30,14,104.0,109.2,0.364,51.6,52.4,17.8,18.1,25.8,28.9,36.7,39.6,50.6,52.8,35.4,34.6,71.6,-12.4,,
High Point,BSth,29,14,98.8,103.8,0.3618,48.9,49.5,19.5,17.7,27.4,30.2,33.9,35.3,49.4,52.1,32.0,30.1,66.4,-12.5,,
Kennesaw St.,ASun,27,13,103.6,109.0,0.3578,51.8,53.1,17.4,18.2,28.7,27.9,29.7,35.3,50.3,52.1,36.2,36.2,66.3,-12.0,,
Northeastern,CAA,31,9,97.0,102.1,0.3573,50.1,51.7,21.2,15.7,26.3,23.7,30.6,25.6,51.6,51.9,32.0,34.3,64.6,-15.4,,
Eastern Washington,BSky,32,18,102.9,108.3,0.3566,52.9,50.4,18.5,15.6,25.3,26.0,32.9,31.5,51.9,50.4,36.1,33.6,69.7,-9.8,,
UT Arlington,SB,27,11,96.2,101.5,0.3499,45.7,49.4,20.3,20.3,30.5,31.7,29.7,32.3,45.3,46.8,31.0,35.5,65.4,-11.0,,
Southern,SWAC,29,17,94.1,99.4,0.3488,49.2,49.2,20.4,25.2,27.5,31.1,33.6,45.7,47.5,52.9,35.0,28.4,70.3,-8.7,,
Marshall,CUSA,31,12,100.3,105.9,0.3477,49.4,52.0,18.1,17.8,27.3,28.1,24.3,28.3,52.1,51.6,30.1,35.3,72.4,-14.1,,
Stony Brook,AE,30,18,104.0,109.9,0.3451,50.3,52.6,15.5,17.4,27.4,29.7,27.7,23.8,49.9,54.1,34.0,33.6,68.2,-8.0,,
South Florida,Amer,31,8,90.9,96.1,0.3449,41.3,48.3,19.1,18.9,29.8,27.0,25.4,33.6,42.8,46.6,25.2,33.8,65.0,-12.9,,
Quinnipiac,MAAC,30,14,101.9,107.8,0.3444,50.0,50.6,18.7,17.2,28.6,28.6,27.0,27.2,49.2,47.6,34.0,37.1,68.9,-12.3,,
UMBC,AE,31,18,103.6,109.5,0.3441,52.6,52.8,16.2,16.6,21.9,28.8,31.1,19.7,48.9,52.7,38.3,35.2,68.3,-9.4,,
Siena,MAAC,29,15,97.8,103.6,0.339,48.7,49.1,18.4,17.3,24.5,28.5,28.9,29.2,46.3,48.7,35.6,33.3,66.3,-9.3,,
New Hampshire,AE,26,15,102.6,108.7,0.3382,50.9,50.4,14.8,14.0,27.9,21.9,25.4,26.6,48.1,49.8,36.6,34.2,61.9,-9.3,,
Rice,CUSA,31,16,103.9,110.2,0.3371,52.9,50.8,18.4,14.3,26.1,28.2,31.2,21.1,51.9,51.6,36.2,32.9,67.6,-9.6,,
LIU Brooklyn,NEC,29,16,98.9,105.0,0.3367,48.4,48.5,18.5,18.2,30.6,29.7,30.4,29.7,49.6,48.8,31.0,32.0,72.5,-8.6,,
Youngstown St.,Horz,32,19,103.1,109.4,0.3366,51.0,51.0,17.3,17.1,29.8,28.3,30.4,30.3,50.8,50.7,34.1,34.3,66.6,-10.4,,
The Citadel,SC,28,13,100.8,107.1,0.3324,52.0,50.4,17.1,13.8,23.7,29.4,29.9,26.3,51.7,50.9,34.8,33.1,70.4,-11.7,,
Montana,BSky,29,18,99.9,106.3,0.3282,50.2,51.8,15.7,19.1,18.1,26.8,38.5,42.8,49.9,49.9,33.9,37.5,65.3,-9.9,,
Howard,MEAC,26,16,99.3,105.7,0.3259,50.4,49.4,20.7,23.5,28.0,34.5,36.2,33.9,47.8,48.6,36.2,34.0,70.4,-9.5,,
Ball St.,MAC,30,14,101.2,108.1,0.3207,51.3,52.4,19.5,17.1,26.8,28.3,38.1,32.8,49.8,50.8,35.7,36.3,70.0,-12.2,,
Georgia Southern,SB,26,13,95.9,102.4,0.3203,47.8,48.2,21.1,18.9,27.7,31.0,31.6,35.5,50.1,47.3,29.2,33.0,66.0,-11.1,,
Tennessee Tech,OVC,30,11,100.5,107.3,0.32,49.2,51.5,18.9,18.1,30.9,30.5,24.0,24.0,49.2,53.4,32.9,32.4,69.1,-14.2,,
Elon,CAA,30,10,98.8,105.6,0.3188,49.0,50.6,19.9,16.6,25.4,28.8,25.9,43.8,48.6,49.9,33.0,34.5,66.0,-13.5,,
Lipscomb,ASun,30,14,101.6,108.7,0.3152,52.3,51.5,19.0,14.1,22.7,28.0,33.9,22.7,53.2,48.1,34.0,37.5,69.3,-12.4,,
Mount St. Mary's,NEC,29,14,95.4,102.2,0.3132,48.6,48.6,20.1,18.9,31.0,29.1,26.3,26.2,47.6,47.4,33.9,33.9,63.5,-11.2,,
Miami OH,MAC,29,14,103.7,111.1,0.3113,50.3,53.5,15.0,18.0,26.0,30.2,23.7,30.4,49.5,52.5,34.3,36.7,67.5,-13.2,,
Western Illinois,Sum,30,16,99.3,106.4,0.3109,49.6,52.9,15.9,17.3,28.8,22.7,29.4,31.4,49.8,51.3,33.0,37.4,70.5,-10.2,,
Portland St.,BSky,29,14,95.7,102.8,0.3058,47.1,52.7,17.0,23.4,26.1,31.8,31.6,39.4,48.4,51.2,29.7,36.7,70.6,-12.8,,
Eastern Kentucky,ASun,27,13,100.8,108.3,0.3055,48.4,54.6,15.6,22.3,28.7,31.8,21.7,28.1,46.0,56.6,33.9,34.4,71.0,-13.7,,
Tennessee St.,OVC,30,14,98.0,105.3,0.3032,49.0,50.1,19.8,19.7,29.7,28.6,30.4,39.2,47.6,49.8,34.6,33.7,67.4,-13.5,,
Pepperdine,WCC,31,7,97.8,105.2,0.3022,47.5,52.7,20.4,18.0,26.3,31.0,23.9,31.5,45.6,54.6,34.1,32.9,70.2,-15.3,,
Air Force,MWC,29,11,95.9,103.2,0.2992,50.9,51.5,21.5,20.3,19.6,29.4,26.8,38.9,51.6,53.8,33.3,31.2,63.2,-10.1,,
Louisiana Monroe,SB,28,13,100.7,108.6,0.2974,50.2,52.9,18.9,19.4,24.7,33.4,26.0,34.7,50.5,52.0,33.2,36.2,67.8,-11.9,,
USC Upstate,BSth,30,15,101.3,109.2,0.2968,51.3,51.6,18.7,17.8,22.3,30.8,29.0,38.3,49.3,52.8,36.4,33.3,68.5,-10.6,,
North Florida,ASun,28,11,96.5,104.4,0.2889,48.1,48.8,21.6,16.7,25.2,36.9,30.4,28.7,47.7,48.0,32.4,33.9,68.1,-11.7,,
UC San Diego,BW,27,13,101.1,109.6,0.2843,52.0,52.7,18.9,17.2,18.6,27.6,32.7,22.0,50.3,54.3,36.0,32.9,67.9,-11.6,,
Manhattan,MAAC,29,15,99.4,107.9,0.2786,48.3,52.2,20.5,19.9,30.0,30.9,41.4,34.7,50.0,52.9,29.9,33.9,68.5,-10.4,,
Presbyterian,BSth,29,12,95.3,103.7,0.2754,45.4,53.5,19.5,21.1,33.1,24.6,30.2,40.7,49.0,51.0,26.1,38.4,64.1,-14.2,,
Southeastern Louisiana,Slnd,30,19,102.0,111.3,0.2698,51.8,53.7,20.0,19.6,25.9,33.2,38.8,27.3,51.9,55.4,34.4,34.0,70.3,-8.9,,
Bowling Green,MAC,29,13,102.7,111.9,0.2697,48.6,53.5,16.5,17.3,29.9,30.7,31.9,30.8,48.0,53.1,33.1,36.0,72.7,-13.4,,
UMass Lowell,AE,28,15,94.8,103.4,0.269,48.0,48.9,18.3,19.5,29.2,29.9,26.5,32.5,49.3,45.6,30.2,37.0,67.6,-11.8,,
Radford,BSth,27,11,95.2,103.8,0.2688,46.5,52.0,20.6,20.2,28.9,26.0,27.8,37.4,47.7,51.3,29.8,35.4,64.3,-12.1,,
San Jose St.,MWC,30,8,98.4,107.4,0.2676,49.7,53.5,20.0,15.7,22.0,30.5,22.5,27.0,48.2,53.4,34.3,35.8,65.5,-13.6,,
Utah Tech,WAC,27,13,94.2,102.9,0.2664,46.5,50.9,21.0,17.8,26.7,28.9,35.2,30.7,47.8,51.7,29.5,33.0,71.6,-11.5,,
Illinois Chicago,Horz,29,14,99.7,109.1,0.263,51.1,51.6,17.2,16.8,25.0,27.2,22.9,34.2,53.3,50.0,32.4,37.4,68.9,-11.7,,
FIU,CUSA,30,15,96.8,105.9,0.2611,49.9,50.2,20.1,18.5,27.0,29.8,24.6,31.4,49.0,50.2,34.0,33.4,66.7,-12.0,,
Pacific,WCC,28,8,95.3,104.3,0.2604,46.2,54.9,17.4,18.7,22.6,22.6,32.3,28.1,45.8,52.1,31.4,39.2,68.0,-15.5,,
Prairie View A&M,SWAC,27,8,96.5,105.7,0.2601,48.4,51.0,24.0,20.6,31.7,34.2,38.5,44.8,46.8,49.6,34.5,35.7,70.7,-11.9,,
Canisius,MAAC,31,11,95.9,105.1,0.2582,45.4,51.5,16.9,17.8,28.0,26.3,30.2,32.2,45.5,53.7,30.2,31.2,68.3,-15.0,,
Hartford,AE,32,12,100.8,110.6,0.2567,53.3,51.6,18.2,16.5,23.8,28.4,27.6,28.9,51.5,50.4,36.9,35.7,67.1,-16.0,,
North Carolina A&T,BSth,29,12,96.4,105.9,0.2534,46.6,51.0,18.1,19.9,29.2,30.8,28.2,37.8,46.3,50.1,31.5,34.8,67.7,-14.5,,
Austin Peay,OVC,27,12,94.7,104.2,0.2489,46.6,52.5,21.3,20.9,29.5,30.4,25.7,36.1,46.9,54.1,30.8,33.2,64.6,-10.8,,
St. Thomas,Sum,27,10,105.9,116.6,0.2473,52.0,58.9,12.6,16.1,20.7,27.1,23.7,32.5,52.5,58.0,34.4,40.1,65.5,-15.8,,
Jackson St.,SWAC,30,11,93.1,102.6,0.2462,45.3,47.7,19.9,18.3,31.4,27.9,26.5,36.6,45.5,47.5,30.0,32.2,63.9,-12.7,,
Duquesne,A10,30,6,97.8,107.9,0.245,45.4,54.0,16.9,19.0,29.2,31.5,21.9,21.9,45.2,51.3,30.5,39.8,65.9,-16.4,,
New Orleans,Slnd,29,18,95.9,105.8,0.2445,49.4,50.1,19.3,19.7,26.0,30.8,42.0,32.8,50.4,51.1,30.8,32.3,71.9,-9.1,,
SIU Edwardsville,OVC,30,11,94.3,104.0,0.2432,46.7,49.0,21.6,19.2,31.1,30.6,34.5,37.6,48.1,48.7,29.5,33.0,68.4,-15.2,,
Loyola MD,Pat,29,14,94.4,104.6,0.2366,50.4,51.4,19.5,20.6,25.2,26.1,25.0,30.7,51.7,51.3,32.1,34.3,65.3,-12.1,,
Army,Pat,29,15,96.3,107.0,0.2289,48.8,52.8,18.9,19.4,29.8,27.2,32.1,22.9,49.3,51.6,31.9,36.4,69.0,-12.2,,
Central Arkansas,ASun,29,11,99.5,110.6,0.2289,48.2,54.8,18.8,16.4,26.2,30.9,23.1,29.8,50.3,55.8,29.5,35.3,72.1,-13.0,,
Cal St. Bakersfield,BW,25,8,96.7,107.5,0.2282,44.4,51.4,18.0,20.1,32.0,26.1,29.5,48.0,44.9,50.5,28.3,35.2,64.4,-13.8,,
Tennessee Martin,OVC,28,8,96.4,107.2,0.2276,46.1,50.8,19.4,18.4,29.8,31.8,26.3,37.2,47.0,51.2,29.7,33.4,69.1,-15.7,,
Merrimack,NEC,29,14,93.5,104.3,0.2212,48.6,49.1,18.5,22.6,22.5,36.2,26.0,33.9,47.8,48.8,33.3,33.2,62.2,-11.1,,
Albany,AE,31,13,91.7,102.3,0.2208,46.2,50.7,18.7,20.7,26.1,27.2,24.9,31.8,45.2,49.1,32.3,35.5,65.3,-12.8,,
Western Carolina,SC,31,11,98.2,109.7,0.2186,47.9,53.2,17.7,14.3,28.6,28.5,27.8,28.7,49.0,52.6,31.3,36.0,68.4,-14.1,,
Denver,Sum,30,11,99.1,110.7,0.2185,52.7,52.4,18.6,16.5,23.7,28.1,32.0,32.2,51.1,50.9,37.1,36.4,66.5,-16.2,,
Cal Poly,BW,27,7,93.2,104.2,0.2165,46.1,48.1,22.6,17.0,27.3,26.9,36.3,36.8,47.2,44.5,29.5,36.2,64.6,-16.4,,
Northern Illinois,MAC,30,9,92.4,103.5,0.2131,47.2,50.6,19.9,19.7,24.3,29.4,33.0,40.7,47.0,51.8,31.7,32.3,67.0,-14.7,,
Morgan St.,MEAC,24,13,93.6,105.1,0.2086,46.1,51.2,21.2,23.2,31.4,29.9,31.0,43.7,46.6,51.0,30.0,34.4,71.6,-10.8,,
Lehigh,Pat,31,13,97.5,109.5,0.2073,52.1,49.3,19.2,14.7,21.5,26.4,25.1,31.8,48.9,47.4,38.2,36.4,68.2,-14.5,,
Binghamton,AE,27,12,93.6,105.5,0.2031,48.8,49.9,18.8,15.9,26.7,27.1,23.2,30.1,47.0,49.6,34.7,33.6,67.1,-12.7,,
North Alabama,ASun,26,9,91.2,102.8,0.2022,43.2,50.2,17.0,18.9,25.5,29.9,23.8,40.0,42.8,50.1,29.2,33.7,67.6,-15.2,,
Eastern Michigan,MAC,30,10,94.5,106.6,0.2017,48.2,51.6,19.2,16.9,23.3,28.4,29.8,29.3,49.3,50.6,30.7,35.6,69.5,-15.4,,
Stetson,ASun,26,11,96.1,108.3,0.2011,48.8,53.0,19.5,16.1,28.2,27.5,25.6,26.8,46.5,53.5,34.9,34.9,65.5,-14.6,,
McNeese St.,Slnd,29,11,97.4,110.3,0.194,48.6,52.0,22.0,17.7,33.2,28.9,37.5,40.2,49.9,52.0,30.6,34.7,69.7,-16.4,,
Western Michigan,MAC,28,8,97.4,110.2,0.1934,49.3,53.4,20.3,15.0,27.2,32.3,24.3,29.8,48.9,55.3,33.2,33.8,64.2,-16.9,,
Florida A&M,SWAC,28,13,94.9,107.4,0.1927,46.1,48.2,18.7,18.5,25.7,34.4,29.8,38.9,46.6,46.4,29.7,34.3,65.4,-12.2,,
Robert Morris,Horz,31,8,99.1,112.5,0.1885,50.9,53.1,20.8,16.9,28.2,32.2,28.2,28.9,51.6,51.9,32.9,36.9,66.9,-18.7,,
UTSA,CUSA,28,10,93.9,106.8,0.1863,43.6,54.3,17.6,17.0,29.5,25.8,25.4,33.0,43.9,53.0,28.7,37.7,68.7,-15.7,,
Sacramento St.,BSky,27,11,95.4,108.5,0.1847,48.8,52.6,16.7,17.7,21.4,27.6,28.3,33.7,46.9,53.4,35.1,34.2,64.4,-14.1,,
Lafayette,Pat,29,10,97.3,111.0,0.1796,50.6,53.7,16.4,17.2,22.4,30.0,20.9,25.8,51.9,51.8,32.8,38.0,64.8,-15.4,,
UT Rio Grande Valley,WAC,29,8,98.5,112.6,0.1767,49.5,51.9,20.7,17.9,24.7,33.5,41.4,35.7,51.9,53.7,30.3,32.7,71.7,-16.3,,
North Carolina Central,MEAC,27,16,94.7,108.4,0.1743,47.7,50.5,23.8,22.0,32.6,30.5,37.8,43.4,48.3,51.4,31.1,32.9,67.6,-10.4,,
South Carolina St.,MEAC,28,15,92.3,105.7,0.1742,43.3,49.9,20.2,20.6,34.3,29.0,31.9,37.4,42.1,47.7,30.6,35.7,70.4,-12.5,,
Little Rock,SB,25,9,96.7,110.7,0.1733,47.9,56.3,20.3,20.0,23.5,30.6,32.3,31.0,46.6,55.5,33.3,38.4,66.8,-13.6,,
St. Francis NY,NEC,29,10,94.2,108.0,0.1713,46.0,51.9,17.9,18.9,29.4,29.8,23.3,32.4,45.4,52.7,31.3,33.3,66.7,-15.6,,
Central Michigan,MAC,30,7,95.1,109.1,0.1713,47.8,53.0,19.6,16.6,25.4,31.4,30.5,36.0,45.5,53.6,34.1,34.8,67.6,-16.1,,
Coppin St.,MEAC,32,9,89.8,103.2,0.1681,46.0,49.3,19.4,21.2,20.1,32.0,34.6,28.1,47.6,46.7,29.7,35.2,72.9,-16.7,,
Hampton,BSth,26,9,91.3,105.2,0.1642,44.1,47.4,18.0,16.2,22.1,31.0,36.5,37.9,44.1,48.8,29.3,29.8,68.9,-15.3,,
Maryland Eastern Shore,MEAC,24,11,88.6,102.1,0.1641,45.4,51.0,22.0,23.8,27.3,29.9,31.0,35.8,44.3,51.3,31.2,33.7,67.6,-11.4,,
Bucknell,Pat,32,9,100.7,116.1,0.1629,52.8,53.8,19.3,13.7,21.8,30.0,28.3,22.9,50.6,52.3,37.6,37.4,67.8,-18.4,,
Evansville,MVC,29,6,92.0,106.3,0.16,46.9,56.1,17.2,17.9,14.4,22.3,24.6,31.0,45.2,55.3,32.6,38.4,63.9,-16.4,,
Grambling St.,SWAC,30,12,92.1,106.4,0.1597,44.6,48.9,20.0,19.2,27.4,31.4,33.4,40.8,43.8,46.3,31.1,35.7,69.2,-13.6,,
Sacred Heart,NEC,29,10,100.3,116.1,0.1577,50.8,53.2,19.6,15.7,30.8,31.3,24.9,25.5,50.5,53.6,34.2,35.0,67.4,-16.7,,
St. Francis PA,NEC,29,9,94.5,109.5,0.1558,46.9,52.4,18.1,18.3,30.5,31.9,29.8,25.6,46.7,51.4,31.5,35.9,67.1,-16.6,,
Alabama St.,SWAC,30,10,95.8,111.1,0.1532,47.7,50.4,21.5,19.4,29.5,33.5,36.9,33.8,46.8,50.8,33.0,33.2,69.8,-14.3,,
Southern Miss,CUSA,31,7,94.9,110.5,0.1473,46.9,54.1,19.7,15.9,23.7,28.4,26.7,28.1,47.0,52.6,31.0,37.4,67.1,-18.9,,
Alabama A&M,SWAC,30,12,86.1,100.3,0.1471,41.3,46.3,19.6,19.6,28.7,31.0,33.5,28.6,41.5,45.2,27.1,32.0,66.6,-14.0,,
Idaho,BSky,29,9,97.5,114.1,0.1406,50.2,54.6,18.5,14.5,23.3,26.3,33.8,33.9,47.4,55.5,36.7,35.1,70.2,-17.7,,
Idaho St.,BSky,28,7,94.1,110.3,0.1387,47.4,53.2,21.1,16.7,27.6,27.5,33.0,35.2,49.6,54.5,29.6,34.1,63.9,-18.9,,
Green Bay,Horz,29,5,92.2,108.2,0.1381,46.5,53.0,19.9,18.1,26.6,28.7,32.0,31.7,48.9,53.6,28.0,34.7,64.5,-20.4,,
Northern Arizona,BSky,30,9,94.7,111.3,0.1359,47.9,53.0,20.4,13.8,28.9,23.5,27.7,34.1,45.4,52.2,34.3,36.3,65.3,-18.0,,
Milwaukee,Horz,31,10,91.7,107.9,0.1327,47.7,47.5,19.6,14.9,25.9,30.1,28.0,29.1,47.5,45.3,31.9,33.8,66.9,-17.8,,
Cal St. Northridge,BW,28,7,93.5,110.2,0.132,44.4,51.9,18.5,19.9,26.8,33.0,29.6,36.5,44.0,53.1,30.2,33.2,64.9,-17.4,,
Northwestern St.,Slnd,29,9,96.7,113.9,0.1317,49.5,53.2,20.1,17.1,27.8,32.2,25.0,34.1,48.4,54.4,34.4,34.0,71.2,-16.4,,
Bethune Cookman,SWAC,29,9,93.4,110.1,0.1306,45.4,51.5,19.7,20.4,27.9,30.9,28.8,35.5,43.7,52.7,33.7,32.9,66.0,-16.7,,
William & Mary,CAA,31,5,90.2,106.3,0.1304,46.0,53.6,23.1,17.9,27.1,27.7,30.3,27.2,45.5,55.7,31.1,33.7,68.9,-20.4,,
American,Pat,32,10,93.2,109.9,0.1302,49.6,53.3,20.2,17.4,25.0,29.0,25.6,28.9,49.6,53.9,33.1,34.7,65.0,-18.1,,
Chicago St.,WAC,32,7,95.6,113.1,0.1273,45.9,53.6,22.0,18.6,31.6,32.2,29.3,38.5,45.2,50.0,31.1,40.1,66.2,-18.1,,
Houston Christian,Slnd,25,11,95.0,113.0,0.1199,48.8,55.3,20.6,19.1,29.3,27.2,37.8,37.8,50.5,53.7,30.5,38.8,68.3,-14.3,,
Charleston Southern,BSth,28,6,92.9,111.3,0.111,46.2,55.4,21.4,17.3,26.2,25.7,28.4,30.0,47.1,56.1,30.1,36.1,69.2,-20.0,,
NJIT,AE,28,11,89.4,107.4,0.1087,46.5,51.0,18.7,16.7,23.2,27.9,31.0,27.0,45.1,51.0,32.6,34.0,66.2,-13.3,,
North Dakota,Sum,29,6,96.1,115.4,0.1084,47.2,56.3,17.5,13.6,26.8,25.8,31.6,30.5,44.7,55.8,33.5,38.1,67.4,-20.7,,
Fairleigh Dickinson,NEC,26,4,94.7,114.1,0.1049,46.4,53.8,19.3,18.1,27.7,34.1,27.8,34.1,45.2,54.5,32.4,35.1,69.6,-17.2,,
Nebraska Omaha,Sum,29,5,96.5,116.5,0.1028,49.3,56.3,19.3,14.7,24.6,30.0,28.3,37.4,46.9,54.0,35.8,39.9,69.8,-18.5,,
Lamar,WAC,27,2,90.9,110.6,0.0952,44.5,52.9,21.5,17.8,30.0,31.7,26.2,38.5,44.1,52.7,30.2,35.5,66.0,-21.1,,
Holy Cross,Pat,29,9,90.8,111.2,0.0887,45.1,53.2,18.2,17.6,27.3,29.4,28.6,30.8,43.2,52.7,33.1,36.1,67.0,-18.7,,
Arkansas Pine Bluff,SWAC,29,7,97.6,119.8,0.0864,46.6,55.5,19.5,18.7,24.8,36.3,33.6,34.6,48.0,56.1,29.8,36.0,67.4,-17.4,,
Mississippi Valley St.,SWAC,28,2,93.2,115.3,0.0801,44.5,56.7,18.1,20.7,23.4,33.9,31.4,36.5,43.8,55.1,30.5,40.0,70.8,-21.3,,
Incarnate Word,Slnd,29,7,94.4,116.7,0.0797,48.4,56.8,19.9,18.0,22.3,32.4,27.4,30.0,46.5,57.4,33.8,37.1,65.0,-19.4,,
Maine,AE,26,6,92.3,114.2,0.0792,46.9,54.9,19.3,18.3,24.0,30.4,20.4,32.8,47.0,53.3,31.0,38.6,66.1,-18.3,,
Columbia,Ivy,25,4,91.5,114.2,0.0725,48.5,54.8,21.5,16.4,27.5,28.8,26.1,25.1,46.4,53.4,34.9,37.8,69.6,-18.1,,
Central Connecticut,NEC,32,8,90.0,112.5,0.0712,46.0,52.9,20.6,18.8,26.3,31.8,29.1,28.8,42.6,53.3,34.2,34.8,65.1,-19.0,,
Delaware St.,MEAC,25,2,86.5,110.1,0.0587,45.0,51.1,25.6,19.3,27.0,34.7,32.4,34.2,43.4,48.6,32.2,36.1,68.1,-22.8,,
Eastern Illinois,OVC,29,5,83.0,108.4,0.0442,44.2,53.4,24.1,18.2,20.6,32.6,31.2,24.2,42.3,55.8,31.8,33.5,64.9,-20.3,,
IUPUI,Horz,27,3,80.4,109.2,0.0285,42.4,52.8,26.1,20.5,30.1,33.0,24.9,37.5,41.6,52.4,29.2,35.5,62.6,-22.4,,
